case,run,arrow_us,rofl_us,paired_ratio
WrappingNegate,1,1.572,2.312,1.471
WrappingNegate,2,1.624,2.332,1.436
WrappingNegate,3,1.624,2.333,1.437
WrappingMultiply,1,3.708,4.874,1.314
WrappingMultiply,2,3.728,5.083,1.363
WrappingMultiply,3,3.708,4.979,1.343
ByteLengthUtf8,1,0.781,2.124,2.720
ByteLengthUtf8,2,0.781,2.083,2.667
ByteLengthUtf8,3,0.979,2.103,2.149
StringEqualViewShort,1,6.040,13.660,2.262
StringEqualViewShort,2,6.124,13.740,2.244
StringEqualViewShort,3,6.083,13.830,2.274
StringEqualUtf8,1,17.740,39.080,2.203
StringEqualUtf8,2,18.080,35.330,1.954
StringEqualUtf8,3,17.620,34.790,1.974
StringLessThanViewScalar,1,15.540,60.120,3.869
StringLessThanViewScalar,2,15.450,62.450,4.042
StringLessThanViewScalar,3,15.580,60.390,3.876
LikeLiteralScalar,1,22.870,88.240,3.858
LikeLiteralScalar,2,23.220,82.660,3.560
LikeLiteralScalar,3,24.490,83.290,3.401
