suite,case,median_us,min_us,max_us,run_1_us,run_2_us,run_3_us
arrow_families,arrow_native/16384/BitLengthLargeUtf8,4.749,4.749,4.791,4.791,4.749,4.749
arrow_families,arrow_native/16384/BitLengthUtf8,0.9165,0.9165,0.9165,0.9165,0.9165,0.9165
arrow_families,arrow_native/16384/BitLengthView,2.833,2.791,2.874,2.874,2.791,2.833
arrow_families,arrow_native/16384/BitwiseAnd,3.499,2.77,3.499,3.499,3.499,2.77
arrow_families,arrow_native/16384/BitwiseAndNot,3.395,2.895,3.52,2.895,3.52,3.395
arrow_families,arrow_native/16384/BitwiseNot,1.478,1.458,1.604,1.478,1.604,1.458
arrow_families,arrow_native/16384/BitwiseOr,3.458,2.77,3.479,3.458,3.479,2.77
arrow_families,arrow_native/16384/BitwiseXor,3.458,3.437,3.499,3.499,3.458,3.437
arrow_families,arrow_native/16384/ByteLengthLargeUtf8,1.562,1.426,1.562,1.562,1.562,1.426
arrow_families,arrow_native/16384/ByteLengthUtf8,0.7028,0.6922999999999999,0.7029,0.7029,0.7028,0.6922999999999999
arrow_families,arrow_native/16384/ByteLengthView,2.603,2.583,2.833,2.603,2.833,2.583
arrow_families,arrow_native/16384/CheckedNegate,18.99,17.2,21.87,18.99,17.2,21.87
arrow_families,arrow_native/16384/CheckedSub,9.833,9.832,9.916,9.916,9.832,9.833
arrow_families,arrow_native/16384/CheckedSubNullable,10.04,10.04,10.08,10.08,10.04,10.04
arrow_families,arrow_native/16384/Equal,2.833,2.812,2.833,2.833,2.812,2.833
arrow_families,arrow_native/16384/FloatAdd,3.458,3.02,3.52,3.52,3.458,3.02
arrow_families,arrow_native/16384/FloatDivide,3.499,2.791,3.52,3.52,3.499,2.791
arrow_families,arrow_native/16384/FloatEqual,2.833,2.812,2.833,2.812,2.833,2.833
arrow_families,arrow_native/16384/FloatGreaterThan,4.833,4.832,4.833,4.832,4.833,4.833
arrow_families,arrow_native/16384/FloatGreaterThanOrEqual,4.833,4.832,4.874,4.833,4.832,4.874
arrow_families,arrow_native/16384/FloatLessThan,4.833,4.833,4.874,4.833,4.833,4.874
arrow_families,arrow_native/16384/FloatLessThanOrEqual,4.874,4.833,4.874,4.874,4.833,4.874
arrow_families,arrow_native/16384/FloatMultiply,2.791,2.687,3.479,3.479,2.687,2.791
arrow_families,arrow_native/16384/FloatNegate,1.541,1.51,1.604,1.541,1.604,1.51
arrow_families,arrow_native/16384/FloatNotEqual,2.833,2.812,2.833,2.833,2.833,2.812
arrow_families,arrow_native/16384/FloatRemainder,78.66,78.2,79.33,78.66,79.33,78.2
arrow_families,arrow_native/16384/FloatSubtract,3.499,3.478,3.52,3.499,3.52,3.478
arrow_families,arrow_native/16384/GreaterThan,2.832,2.812,2.833,2.832,2.833,2.812
arrow_families,arrow_native/16384/GreaterThanOrEqual,2.833,2.832,2.833,2.833,2.833,2.832
arrow_families,arrow_native/16384/ILikeComplexScalar,360.8,356.9,398.1,360.8,356.9,398.1
arrow_families,arrow_native/16384/LessThan,2.833,2.791,2.833,2.833,2.791,2.833
arrow_families,arrow_native/16384/LessThanOrEqual,2.812,2.791,2.832,2.832,2.812,2.791
arrow_families,arrow_native/16384/LikeAlternatingArray,102100.0,101200.0,102300.0,102100.0,101200.0,102300.0
arrow_families,arrow_native/16384/LikeComplexArray,323.3,320.2,351.1,351.1,323.3,320.2
arrow_families,arrow_native/16384/LikeLiteralScalar,17.16,16.62,18.41,18.41,16.62,17.16
arrow_families,arrow_native/16384/LikeLiteralScalarDense,16.87,16.79,16.99,16.99,16.79,16.87
arrow_families,arrow_native/16384/LikeLiteralViaPredicate,16.83,16.66,17.04,17.04,16.83,16.66
arrow_families,arrow_native/16384/LikeLiteralViaPredicateDense,16.79,16.74,16.91,16.91,16.74,16.79
arrow_families,arrow_native/16384/NotEqual,2.812,2.812,2.812,2.812,2.812,2.812
arrow_families,arrow_native/16384/NotILikeScalar,187.9,177.6,192.5,177.6,187.9,192.5
arrow_families,arrow_native/16384/NotLikeScalar,38.74,37.37,39.87,39.87,37.37,38.74
arrow_families,arrow_native/16384/RegexpAlternatingArray,731.6,727.2,746.6,746.6,731.6,727.2
arrow_families,arrow_native/16384/RegexpArray,700.3,697.3,706.2,700.3,697.3,706.2
arrow_families,arrow_native/16384/RegexpScalar,207.8,205.6,209.6,209.6,205.6,207.8
arrow_families,arrow_native/16384/Remainder,23.87,23.58,24.04,24.04,23.58,23.87
arrow_families,arrow_native/16384/ShiftLeft,3.541,3.52,3.541,3.52,3.541,3.541
arrow_families,arrow_native/16384/ShiftRight,3.583,3.582,3.603,3.583,3.582,3.603
arrow_families,arrow_native/16384/StringEqualLargeUtf8,15.2,15.08,15.24,15.2,15.08,15.24
arrow_families,arrow_native/16384/StringEqualUtf8,18.04,17.83,18.16,18.04,17.83,18.16
arrow_families,arrow_native/16384/StringEqualViewLong,22.29,22.04,22.45,22.45,22.04,22.29
arrow_families,arrow_native/16384/StringEqualViewShort,6.165,6.124,6.249,6.249,6.124,6.165
arrow_families,arrow_native/16384/StringGreaterThanOrEqualView,22.7,22.7,22.83,22.7,22.7,22.83
arrow_families,arrow_native/16384/StringGreaterThanView,22.62,22.62,22.74,22.62,22.62,22.74
arrow_families,arrow_native/16384/StringLessThanOrEqualView,22.62,22.58,22.7,22.62,22.58,22.7
arrow_families,arrow_native/16384/StringLessThanView,22.62,22.62,22.91,22.62,22.62,22.91
arrow_families,arrow_native/16384/StringLessThanViewScalar,15.29,15.2,15.58,15.58,15.2,15.29
arrow_families,arrow_native/16384/StringNotEqualView,16.12,15.95,16.37,16.37,15.95,16.12
arrow_families,arrow_native/16384/SubstringCharsUtf8,95.16,93.87,99.29,99.29,93.87,95.16
arrow_families,arrow_native/16384/SubstringUtf8,100.4,100.3,100.7,100.7,100.4,100.3
arrow_families,arrow_native/16384/WrappingMultiply,3.666,3.666,3.666,3.666,3.666,3.666
arrow_families,arrow_native/16384/WrappingNegate,1.593,1.541,1.604,1.593,1.604,1.541
arrow_families,arrow_native/16384/WrappingSub,3.52,2.791,3.52,3.52,3.52,2.791
arrow_families,arrow_rofl/16384/BitLengthLargeUtf8,3.541,3.52,3.583,3.541,3.52,3.583
arrow_families,arrow_rofl/16384/BitLengthUtf8,2.062,2.041,2.145,2.062,2.041,2.145
arrow_families,arrow_rofl/16384/BitLengthView,3.395,3.082,3.416,3.082,3.416,3.395
arrow_families,arrow_rofl/16384/BitwiseAnd,4.083,4.083,4.166,4.083,4.083,4.166
arrow_families,arrow_rofl/16384/BitwiseAndNot,4.166,4.165,4.166,4.166,4.165,4.166
arrow_families,arrow_rofl/16384/BitwiseNot,2.312,2.291,2.312,2.312,2.291,2.312
arrow_families,arrow_rofl/16384/BitwiseOr,4.166,4.124,4.166,4.166,4.166,4.124
arrow_families,arrow_rofl/16384/BitwiseXor,3.415,3.332,4.166,3.332,4.166,3.415
arrow_families,arrow_rofl/16384/ByteLengthLargeUtf8,3.499,3.499,3.541,3.499,3.541,3.499
arrow_families,arrow_rofl/16384/ByteLengthUtf8,2.062,2.02,2.062,2.02,2.062,2.062
arrow_families,arrow_rofl/16384/ByteLengthView,3.416,3.416,3.416,3.416,3.416,3.416
arrow_families,arrow_rofl/16384/CheckedNegate,3.229,3.208,3.249,3.208,3.229,3.249
arrow_families,arrow_rofl/16384/CheckedSub,4.291,4.291,4.291,4.291,4.291,4.291
arrow_families,arrow_rofl/16384/CheckedSubNullable,4.332,4.249,4.332,4.332,4.249,4.332
arrow_families,arrow_rofl/16384/Equal,3.249,3.228,3.374,3.374,3.228,3.249
arrow_families,arrow_rofl/16384/FloatAdd,3.416,3.374,4.207,3.416,4.207,3.374
arrow_families,arrow_rofl/16384/FloatDivide,4.124,3.374,4.165,4.165,4.124,3.374
arrow_families,arrow_rofl/16384/FloatEqual,3.27,3.228,3.27,3.27,3.228,3.27
arrow_families,arrow_rofl/16384/FloatGreaterThan,5.166,5.165,5.207,5.166,5.165,5.207
arrow_families,arrow_rofl/16384/FloatGreaterThanOrEqual,5.207,5.165,5.208,5.208,5.165,5.207
arrow_families,arrow_rofl/16384/FloatLessThan,5.166,5.124,5.208,5.166,5.124,5.208
arrow_families,arrow_rofl/16384/FloatLessThanOrEqual,5.207,5.124,5.207,5.207,5.124,5.207
arrow_families,arrow_rofl/16384/FloatMultiply,4.124,3.374,4.166,4.124,4.166,3.374
arrow_families,arrow_rofl/16384/FloatNegate,2.312,2.291,2.312,2.291,2.312,2.312
arrow_families,arrow_rofl/16384/FloatNotEqual,3.249,3.249,3.291,3.249,3.249,3.291
arrow_families,arrow_rofl/16384/FloatRemainder,81.08,78.2,81.29,78.2,81.08,81.29
arrow_families,arrow_rofl/16384/FloatSubtract,4.166,4.165,4.166,4.165,4.166,4.166
arrow_families,arrow_rofl/16384/GreaterThan,3.249,3.228,3.291,3.249,3.228,3.291
arrow_families,arrow_rofl/16384/GreaterThanOrEqual,3.249,3.228,3.249,3.249,3.228,3.249
arrow_families,arrow_rofl/16384/ILikeComplexScalar,428.7,418.5,429.3,428.7,418.5,429.3
arrow_families,arrow_rofl/16384/LessThan,3.229,3.228,3.27,3.27,3.228,3.229
arrow_families,arrow_rofl/16384/LessThanOrEqual,3.249,3.208,3.27,3.27,3.208,3.249
arrow_families,arrow_rofl/16384/LikeAlternatingArray,454.9,452.1,457.0,452.1,457.0,454.9
arrow_families,arrow_rofl/16384/LikeComplexArray,508.2,504.8,509.7,508.2,504.8,509.7
arrow_families,arrow_rofl/16384/LikeLiteralScalar,86.49,85.14,86.49,86.49,86.49,85.14
arrow_families,arrow_rofl/16384/LikeLiteralScalarDense,83.37,82.45,83.54,83.54,82.45,83.37
arrow_families,arrow_rofl/16384/LikeLiteralViaPredicate,25.45,22.24,25.95,25.95,25.45,22.24
arrow_families,arrow_rofl/16384/LikeLiteralViaPredicateDense,22.7,22.41,22.79,22.79,22.7,22.41
arrow_families,arrow_rofl/16384/NotEqual,3.27,3.228,3.374,3.374,3.228,3.27
arrow_families,arrow_rofl/16384/NotILikeScalar,156.8,155.9,158.0,158.0,156.8,155.9
arrow_families,arrow_rofl/16384/NotLikeScalar,85.99,82.33,87.12,82.33,85.99,87.12
arrow_families,arrow_rofl/16384/RegexpAlternatingArray,637.0,626.9,637.1,626.9,637.0,637.1
arrow_families,arrow_rofl/16384/RegexpArray,582.7,573.5,585.7,573.5,585.7,582.7
arrow_families,arrow_rofl/16384/RegexpScalar,274.3,271.2,277.5,271.2,277.5,274.3
arrow_families,arrow_rofl/16384/Remainder,9.041,9.041,9.082,9.041,9.041,9.082
arrow_families,arrow_rofl/16384/ShiftLeft,4.207,4.124,4.249,4.124,4.249,4.207
arrow_families,arrow_rofl/16384/ShiftRight,4.249,4.249,4.291,4.249,4.291,4.249
arrow_families,arrow_rofl/16384/StringEqualLargeUtf8,34.33,33.87,34.95,33.87,34.33,34.95
arrow_families,arrow_rofl/16384/StringEqualUtf8,35.83,35.83,36.04,35.83,35.83,36.04
arrow_families,arrow_rofl/16384/StringEqualViewLong,35.74,34.91,36.37,34.91,35.74,36.37
arrow_families,arrow_rofl/16384/StringEqualViewShort,13.74,13.74,14.12,13.74,13.74,14.12
arrow_families,arrow_rofl/16384/StringGreaterThanOrEqualView,42.41,41.83,42.66,41.83,42.66,42.41
arrow_families,arrow_rofl/16384/StringGreaterThanView,42.12,42.04,42.29,42.04,42.12,42.29
arrow_families,arrow_rofl/16384/StringLessThanOrEqualView,41.83,41.74,42.24,41.83,41.74,42.24
arrow_families,arrow_rofl/16384/StringLessThanView,42.91,42.49,43.87,42.91,42.49,43.87
arrow_families,arrow_rofl/16384/StringLessThanViewScalar,60.91,59.7,63.64,59.7,60.91,63.64
arrow_families,arrow_rofl/16384/StringNotEqualView,21.91,21.7,22.2,21.91,21.7,22.2
arrow_families,arrow_rofl/16384/SubstringCharsUtf8,114.5,111.8,114.9,114.9,114.5,111.8
arrow_families,arrow_rofl/16384/SubstringUtf8,96.54,96.37,96.79,96.37,96.54,96.79
arrow_families,arrow_rofl/16384/WrappingMultiply,4.874,4.874,4.874,4.874,4.874,4.874
arrow_families,arrow_rofl/16384/WrappingNegate,2.291,2.104,2.312,2.312,2.291,2.104
arrow_families,arrow_rofl/16384/WrappingSub,4.166,4.082,4.166,4.166,4.082,4.166
arrow_scalar,arrow_native/16384/AsciiEqArray,68.37,67.99,68.54,67.99,68.37,68.54
arrow_scalar,arrow_native/16384/AsciiEqScalar,28.24,28.2,29.16,28.2,28.24,29.16
arrow_scalar,arrow_native/16384/ConcatLong,140.1,135.8,144.6,144.6,135.8,140.1
arrow_scalar,arrow_native/16384/ConcatLongDense,142.9,139.3,146.9,139.3,142.9,146.9
arrow_scalar,arrow_native/16384/ConcatShort,104.6,103.9,109.3,104.6,103.9,109.3
arrow_scalar,arrow_native/16384/ContainsArray,224.7,221.2,234.5,221.2,224.7,234.5
arrow_scalar,arrow_native/16384/ContainsScalar,93.99,90.74,96.72,90.74,93.99,96.72
arrow_scalar,arrow_native/16384/ContainsScalarDense,109.1,108.0,113.7,108.0,109.1,113.7
arrow_scalar,arrow_native/16384/ContainsUtf8Scalar,90.2,88.62,92.62,90.2,88.62,92.62
arrow_scalar,arrow_native/16384/EndsWithArray,93.7,92.62,94.7,92.62,93.7,94.7
arrow_scalar,arrow_native/16384/EndsWithScalar,18.45,18.08,18.54,18.08,18.54,18.45
arrow_scalar,arrow_native/16384/MultiplyArray,11.08,11.08,11.29,11.08,11.08,11.29
arrow_scalar,arrow_native/16384/MultiplyArrayDense,10.04,9.916,10.2,9.916,10.04,10.2
arrow_scalar,arrow_native/16384/MultiplyScalar,12.04,11.87,12.04,11.87,12.04,12.04
arrow_scalar,arrow_native/16384/StartsWithArray,74.49,73.87,75.16,73.87,75.16,74.49
arrow_scalar,arrow_native/16384/StartsWithScalar,18.08,17.91,18.66,18.08,17.91,18.66
arrow_scalar,arrow_native/16384/StartsWithShortScalar,18.08,17.83,18.08,18.08,18.08,17.83
arrow_scalar,arrow_native/16384/StartsWithUtf8Scalar,13.04,12.99,13.37,13.37,12.99,13.04
arrow_scalar,arrow_plus_two_validations/16384/ConcatLong,378.4,369.9,378.5,378.5,378.4,369.9
arrow_scalar,arrow_plus_two_validations/16384/ConcatLongDense,385.2,362.1,385.3,385.2,385.3,362.1
arrow_scalar,arrow_plus_two_validations/16384/ConcatShort,206.4,206.0,214.4,206.4,214.4,206.0
arrow_scalar,arrow_rofl/16384/AsciiEqArray,14.29,13.41,14.33,14.29,14.33,13.41
arrow_scalar,arrow_rofl/16384/AsciiEqScalar,43.99,43.49,45.62,43.49,45.62,43.99
arrow_scalar,arrow_rofl/16384/ConcatLong,202.6,199.9,205.2,202.6,205.2,199.9
arrow_scalar,arrow_rofl/16384/ConcatLongDense,189.0,188.1,189.8,188.1,189.0,189.8
arrow_scalar,arrow_rofl/16384/ConcatShort,133.9,130.2,137.2,133.9,137.2,130.2
arrow_scalar,arrow_rofl/16384/ContainsArray,193.9,193.5,195.9,195.9,193.9,193.5
arrow_scalar,arrow_rofl/16384/ContainsScalar,103.1,100.9,103.8,100.9,103.8,103.1
arrow_scalar,arrow_rofl/16384/ContainsScalarDense,119.1,118.6,119.8,119.8,119.1,118.6
arrow_scalar,arrow_rofl/16384/ContainsUtf8Scalar,116.4,115.4,116.7,116.4,115.4,116.7
arrow_scalar,arrow_rofl/16384/EndsWithArray,22.79,22.7,23.83,22.7,23.83,22.79
arrow_scalar,arrow_rofl/16384/EndsWithScalar,20.74,19.74,21.27,19.74,20.74,21.27
arrow_scalar,arrow_rofl/16384/MultiplyArray,6.124,6.083,6.124,6.124,6.124,6.083
arrow_scalar,arrow_rofl/16384/MultiplyArrayDense,5.541,5.499,5.541,5.541,5.499,5.541
arrow_scalar,arrow_rofl/16384/MultiplyScalar,7.083,7.083,7.083,7.083,7.083,7.083
arrow_scalar,arrow_rofl/16384/StartsWithArray,22.41,22.29,22.91,22.29,22.41,22.91
arrow_scalar,arrow_rofl/16384/StartsWithScalar,20.43,19.41,21.24,21.24,20.43,19.41
arrow_scalar,arrow_rofl/16384/StartsWithShortScalar,17.2,17.04,17.99,17.2,17.99,17.04
arrow_scalar,arrow_rofl/16384/StartsWithUtf8Scalar,41.08,40.95,41.95,41.08,40.95,41.95
arrow_scalar,rofl_arrow_bytes/16384/AsciiEqArray,20.62,20.62,20.79,20.79,20.62,20.62
arrow_scalar,rofl_arrow_bytes/16384/AsciiEqScalar,63.87,57.83,65.41,63.87,65.41,57.83
arrow_scalar,rofl_arrow_bytes/16384/ConcatLong,201.7,198.7,204.5,201.7,204.5,198.7
arrow_scalar,rofl_arrow_bytes/16384/ConcatLongDense,185.9,183.5,191.7,183.5,191.7,185.9
arrow_scalar,rofl_arrow_bytes/16384/ConcatShort,130.4,129.5,134.8,129.5,134.8,130.4
arrow_scalar,rofl_arrow_bytes/16384/ContainsArray,199.3,198.6,203.8,198.6,203.8,199.3
arrow_scalar,rofl_arrow_bytes/16384/ContainsScalar,123.9,123.9,124.6,124.6,123.9,123.9
arrow_scalar,rofl_arrow_bytes/16384/ContainsScalarDense,139.9,139.9,141.1,139.9,139.9,141.1
arrow_scalar,rofl_arrow_bytes/16384/ContainsUtf8Scalar,113.0,111.2,117.9,113.0,117.9,111.2
arrow_scalar,rofl_arrow_bytes/16384/EndsWithArray,31.74,31.58,31.95,31.95,31.74,31.58
arrow_scalar,rofl_arrow_bytes/16384/EndsWithScalar,46.87,43.91,47.79,46.87,47.79,43.91
arrow_scalar,rofl_arrow_bytes/16384/MultiplyArray,6.083,6.083,6.083,6.083,6.083,6.083
arrow_scalar,rofl_arrow_bytes/16384/MultiplyArrayDense,5.499,5.499,5.54,5.54,5.499,5.499
arrow_scalar,rofl_arrow_bytes/16384/MultiplyScalar,7.083,7.082,7.124,7.083,7.124,7.082
arrow_scalar,rofl_arrow_bytes/16384/StartsWithArray,31.08,30.91,31.41,30.91,31.08,31.41
arrow_scalar,rofl_arrow_bytes/16384/StartsWithScalar,47.08,46.04,47.79,47.08,47.79,46.04
arrow_scalar,rofl_arrow_bytes/16384/StartsWithShortScalar,35.16,34.24,44.62,34.24,44.62,35.16
arrow_scalar,rofl_arrow_bytes/16384/StartsWithUtf8Scalar,36.7,33.54,37.74,36.7,37.74,33.54
arrow_scalar,rofl_prepared_pattern/16384/AsciiEqArray,54.12,53.58,56.54,53.58,54.12,56.54
arrow_scalar,rofl_prepared_pattern/16384/AsciiEqScalar,75.33,68.49,75.83,68.49,75.83,75.33
arrow_scalar,rofl_prepared_pattern/16384/ConcatLong,200.7,200.3,202.2,202.2,200.3,200.7
arrow_scalar,rofl_prepared_pattern/16384/ConcatLongDense,188.4,186.9,188.9,188.9,188.4,186.9
arrow_scalar,rofl_prepared_pattern/16384/ConcatShort,135.4,132.4,137.5,135.4,132.4,137.5
arrow_scalar,rofl_prepared_pattern/16384/ContainsArray,230.3,226.0,230.5,226.0,230.3,230.5
arrow_scalar,rofl_prepared_pattern/16384/ContainsScalar,142.0,141.7,143.3,141.7,142.0,143.3
arrow_scalar,rofl_prepared_pattern/16384/ContainsScalarDense,150.0,149.5,153.2,150.0,153.2,149.5
arrow_scalar,rofl_prepared_pattern/16384/ContainsUtf8Scalar,116.8,113.5,118.2,116.8,118.2,113.5
arrow_scalar,rofl_prepared_pattern/16384/EndsWithArray,60.08,59.87,61.58,59.87,60.08,61.58
arrow_scalar,rofl_prepared_pattern/16384/EndsWithScalar,62.04,62.04,63.74,63.74,62.04,62.04
arrow_scalar,rofl_prepared_pattern/16384/MultiplyArray,6.124,6.124,6.124,6.124,6.124,6.124
arrow_scalar,rofl_prepared_pattern/16384/MultiplyArrayDense,5.541,5.499,5.541,5.541,5.541,5.499
arrow_scalar,rofl_prepared_pattern/16384/MultiplyScalar,7.083,7.082,7.165,7.082,7.165,7.083
arrow_scalar,rofl_prepared_pattern/16384/StartsWithArray,60.04,57.79,60.49,57.79,60.04,60.49
arrow_scalar,rofl_prepared_pattern/16384/StartsWithScalar,63.7,62.33,65.08,63.7,65.08,62.33
arrow_scalar,rofl_prepared_pattern/16384/StartsWithShortScalar,62.29,60.62,63.37,63.37,62.29,60.62
arrow_scalar,rofl_prepared_pattern/16384/StartsWithUtf8Scalar,40.87,40.74,42.95,40.87,40.74,42.95
arrow_scalar,rofl_typed_strings/16384/AsciiEqArray,53.16,52.87,54.12,52.87,54.12,53.16
arrow_scalar,rofl_typed_strings/16384/AsciiEqScalar,65.04,63.66,65.2,65.04,65.2,63.66
arrow_scalar,rofl_typed_strings/16384/ConcatLong,202.4,200.2,204.5,202.4,204.5,200.2
arrow_scalar,rofl_typed_strings/16384/ConcatLongDense,187.9,187.4,191.1,187.9,191.1,187.4
arrow_scalar,rofl_typed_strings/16384/ConcatShort,132.9,131.9,135.5,132.9,135.5,131.9
arrow_scalar,rofl_typed_strings/16384/ContainsArray,230.2,225.9,230.8,225.9,230.8,230.2
arrow_scalar,rofl_typed_strings/16384/ContainsScalar,141.8,140.6,142.7,141.8,140.6,142.7
arrow_scalar,rofl_typed_strings/16384/ContainsScalarDense,152.1,151.6,152.4,152.1,152.4,151.6
arrow_scalar,rofl_typed_strings/16384/ContainsUtf8Scalar,115.9,113.4,116.7,116.7,115.9,113.4
arrow_scalar,rofl_typed_strings/16384/EndsWithArray,58.12,57.08,59.12,59.12,58.12,57.08
arrow_scalar,rofl_typed_strings/16384/EndsWithScalar,57.79,51.66,59.2,51.66,57.79,59.2
arrow_scalar,rofl_typed_strings/16384/MultiplyArray,6.124,6.082,6.124,6.082,6.124,6.124
arrow_scalar,rofl_typed_strings/16384/MultiplyArrayDense,5.499,5.458,5.541,5.541,5.458,5.499
arrow_scalar,rofl_typed_strings/16384/MultiplyScalar,7.083,7.083,7.124,7.083,7.124,7.083
arrow_scalar,rofl_typed_strings/16384/StartsWithArray,55.16,54.2,57.52,55.16,54.2,57.52
arrow_scalar,rofl_typed_strings/16384/StartsWithScalar,57.08,53.12,62.74,53.12,57.08,62.74
arrow_scalar,rofl_typed_strings/16384/StartsWithShortScalar,56.62,52.83,59.87,56.62,52.83,59.87
arrow_scalar,rofl_typed_strings/16384/StartsWithUtf8Scalar,37.24,34.49,38.87,37.24,38.87,34.49
arrow_scalar,rofl_view_header/16384/StartsWithArray,54.41,53.58,54.54,54.54,53.58,54.41
arrow_scalar,rofl_view_header/16384/StartsWithScalar,47.99,47.24,48.16,47.24,47.99,48.16
arrow_scalar,rofl_view_header/16384/StartsWithShortScalar,34.58,33.7,34.99,33.7,34.99,34.58
arrow_workloads,arrow_native/16384/AllNull,0.7907000000000001,0.7706000000000001,0.7917000000000001,0.7907000000000001,0.7706000000000001,0.7917000000000001
arrow_workloads,arrow_native/16384/BooleanSlice,0.07138,0.07138,0.07262,0.07138,0.07262,0.07138
arrow_workloads,arrow_native/16384/CheckedAdd,8.416,8.374,8.416,8.416,8.374,8.416
arrow_workloads,arrow_native/16384/CheckedAddNullable,11.24,11.16,11.37,11.24,11.37,11.16
arrow_workloads,arrow_native/16384/DictionaryInteger,45.95,45.87,47.49,45.95,47.49,45.87
arrow_workloads,arrow_native/16384/DictionaryString,286.2,284.5,288.3,284.5,288.3,286.2
arrow_workloads,arrow_native/16384/DivideNullable,11.99,11.91,12.08,11.99,11.91,12.08
arrow_workloads,arrow_native/16384/Nullary,1.156,1.145,1.197,1.156,1.197,1.145
arrow_workloads,arrow_native/16384/ScalarOnly,1.156,1.114,1.197,1.197,1.156,1.114
arrow_workloads,arrow_native/16384/ScaleList0,0.06811,0.06745000000000001,0.06877,0.06811,0.06745000000000001,0.06877
arrow_workloads,arrow_native/16384/ScaleList4,8.832,6.374,8.874,8.832,8.874,6.374
arrow_workloads,arrow_native/16384/Timestamp,10.54,10.41,10.62,10.41,10.54,10.62
arrow_workloads,arrow_native/16384/TrimLargeUtf8,208.1,207.4,209.3,209.3,207.4,208.1
arrow_workloads,arrow_native/16384/TrimUtf8,207.1,204.2,207.6,207.6,204.2,207.1
arrow_workloads,arrow_native/16384/TrimViewLong,217.2,214.3,220.1,214.3,217.2,220.1
arrow_workloads,arrow_native/16384/TrimViewShort,189.4,185.2,199.5,199.5,185.2,189.4
arrow_workloads,arrow_rofl/16384/AllNull,1.165,1.145,1.166,1.166,1.145,1.165
arrow_workloads,arrow_rofl/16384/BooleanSlice,4.791,4.749,4.832,4.791,4.749,4.832
arrow_workloads,arrow_rofl/16384/CheckedAdd,3.916,3.915,3.958,3.915,3.916,3.958
arrow_workloads,arrow_rofl/16384/CheckedAddNullable,5.291,5.291,5.332,5.291,5.332,5.291
arrow_workloads,arrow_rofl/16384/DictionaryInteger,36.74,36.7,37.24,36.7,37.24,36.74
arrow_workloads,arrow_rofl/16384/DictionaryString,284.9,279.5,288.9,279.5,284.9,288.9
arrow_workloads,arrow_rofl/16384/DivideNullable,18.24,18.04,18.33,18.04,18.33,18.24
arrow_workloads,arrow_rofl/16384/Nullary,2.145,2.114,2.156,2.145,2.156,2.114
arrow_workloads,arrow_rofl/16384/ScalarOnly,1.957,1.937,1.999,1.999,1.937,1.957
arrow_workloads,arrow_rofl/16384/ScaleList0,1.052,1.041,1.062,1.062,1.052,1.041
arrow_workloads,arrow_rofl/16384/ScaleList4,15.99,15.91,16.04,15.99,16.04,15.91
arrow_workloads,arrow_rofl/16384/Timestamp,5.416,5.416,5.457,5.457,5.416,5.416
arrow_workloads,arrow_rofl/16384/TrimLargeUtf8,212.3,210.0,216.9,216.9,212.3,210.0
arrow_workloads,arrow_rofl/16384/TrimUtf8,210.6,208.5,215.3,208.5,215.3,210.6
arrow_workloads,arrow_rofl/16384/TrimViewLong,218.3,213.1,218.7,218.3,213.1,218.7
arrow_workloads,arrow_rofl/16384/TrimViewShort,185.3,185.2,187.1,185.2,187.1,185.3
boundaries,arrow_invocation/0/false,0.5837000000000001,0.5837000000000001,0.5837000000000001,0.5837000000000001,0.5837000000000001,0.5837000000000001
boundaries,arrow_invocation/0/true,0.6247,0.5987,0.6247,0.5987,0.6247,0.6247
boundaries,arrow_invocation/1/false,0.6144,0.6091000000000001,0.6247,0.6247,0.6091000000000001,0.6144
boundaries,arrow_invocation/1/true,0.6247,0.6091000000000001,0.6247,0.6091000000000001,0.6247,0.6247
boundaries,arrow_invocation/1024/false,0.7497,0.7497,0.7497,0.7497,0.7497,0.7497
boundaries,arrow_invocation/1024/true,0.7497,0.7497,0.7497,0.7497,0.7497,0.7497
boundaries,arrow_invocation/16384/false,4.04,3.999,4.041,4.04,3.999,4.041
boundaries,arrow_invocation/16384/true,2.291,2.124,2.333,2.333,2.124,2.291
boundaries,arrow_invocation/64/false,0.6247,0.6247,0.6351,0.6247,0.6351,0.6247
boundaries,arrow_invocation/64/true,0.6657000000000001,0.6247,0.6667000000000001,0.6667000000000001,0.6657000000000001,0.6247
boundaries,arrow_native_wrapping_add/0/false,0.1247,0.1247,0.1247,0.1247,0.1247,0.1247
boundaries,arrow_native_wrapping_add/0/true,0.04177,0.0294,0.041780000000000005,0.04177,0.0294,0.041780000000000005
boundaries,arrow_native_wrapping_add/1/false,0.041460000000000004,0.04111,0.04177,0.04111,0.04177,0.041460000000000004
boundaries,arrow_native_wrapping_add/1/true,0.03656,0.0359,0.041780000000000005,0.0359,0.041780000000000005,0.03656
boundaries,arrow_native_wrapping_add/1024/false,0.1534,0.1534,0.1586,0.1534,0.1586,0.1534
boundaries,arrow_native_wrapping_add/1024/true,0.1378,0.1247,0.139,0.139,0.1247,0.1378
boundaries,arrow_native_wrapping_add/16384/false,3.416,3.374,3.416,3.416,3.416,3.374
boundaries,arrow_native_wrapping_add/16384/true,1.551,1.479,1.624,1.479,1.624,1.551
boundaries,arrow_native_wrapping_add/64/false,0.0499,0.0499,0.05055,0.05055,0.0499,0.0499
boundaries,arrow_native_wrapping_add/64/true,0.04405,0.04242,0.04469,0.04469,0.04242,0.04405
boundaries,direct_typed_collection/0,0.02077,0.02061,0.02109,0.02109,0.02077,0.02061
boundaries,direct_typed_collection/1,0.03135,0.03134,0.032659999999999995,0.03134,0.03135,0.032659999999999995
boundaries,direct_typed_collection/1024,0.16119999999999998,0.1586,0.169,0.1586,0.16119999999999998,0.169
boundaries,direct_typed_collection/16384,3.395,3.395,3.416,3.395,3.416,3.395
boundaries,direct_typed_collection/64,0.039490000000000004,0.03916,0.04046,0.039490000000000004,0.03916,0.04046
boundaries,nullable_bool/false/Arrow,5.499,5.458,5.499,5.458,5.499,5.499
boundaries,nullable_bool/false/ArrowBaseline,20.91,20.91,21.45,20.91,21.45,20.91
boundaries,nullable_bool/false/ExtractedVortex,5.915,5.874,5.916,5.874,5.915,5.916
boundaries,nullable_bool/false/LegacyVortex,5.374,5.333,5.374,5.333,5.374,5.374
boundaries,nullable_bool/true/Arrow,32.91,32.87,33.33,32.91,33.33,32.87
boundaries,nullable_bool/true/ArrowBaseline,21.29,20.91,21.33,20.91,21.29,21.33
boundaries,nullable_bool/true/ExtractedVortex,32.33,32.24,32.45,32.45,32.33,32.24
boundaries,nullable_bool/true/LegacyVortex,15.99,15.95,16.16,15.95,16.16,15.99
boundaries,shared_collection/0,0.02549,0.02517,0.02581,0.02581,0.02549,0.02517
boundaries,shared_collection/1,0.0359,0.03526,0.03591,0.0359,0.03526,0.03591
boundaries,shared_collection/1024,0.1859,0.1534,0.1872,0.1859,0.1534,0.1872
boundaries,shared_collection/16384,3.54,3.458,3.562,3.562,3.54,3.458
boundaries,shared_collection/64,0.044360000000000004,0.04404,0.04438,0.044360000000000004,0.04404,0.04438
boundaries,shared_executor/0,0.4577,0.44760000000000005,0.4577,0.4577,0.44760000000000005,0.4577
boundaries,shared_executor/1,0.4587,0.458,0.4997,0.4997,0.4587,0.458
boundaries,shared_executor/1024,0.5935,0.5831000000000001,0.5987,0.5987,0.5831000000000001,0.5935
boundaries,shared_executor/16384,3.041,2.957,3.874,3.874,3.041,2.957
boundaries,shared_executor/64,0.4711,0.4587,0.4893,0.4893,0.4587,0.4711
boundaries,vortex_add/0/false,0.4577,0.4577,0.4577,0.4577,0.4577,0.4577
boundaries,vortex_add/0/true,0.4997,0.4587,0.4997,0.4997,0.4997,0.4587
boundaries,vortex_add/1/false,0.2497,0.2497,0.2497,0.2497,0.2497,0.2497
boundaries,vortex_add/1/true,0.5417000000000001,0.5407000000000001,0.5417000000000001,0.5417000000000001,0.5417000000000001,0.5407000000000001
boundaries,vortex_add/1024/false,0.3327,0.3327,0.3327,0.3327,0.3327,0.3327
boundaries,vortex_add/1024/true,0.7907000000000001,0.7907000000000001,0.7917000000000001,0.7907000000000001,0.7907000000000001,0.7917000000000001
boundaries,vortex_add/16384/false,2.79,2.749,2.791,2.791,2.749,2.79
boundaries,vortex_add/16384/true,3.249,3.249,3.29,3.249,3.249,3.29
boundaries,vortex_add/64/false,0.2497,0.2497,0.2497,0.2497,0.2497,0.2497
boundaries,vortex_add/64/true,0.7077000000000001,0.7077000000000001,0.7077000000000001,0.7077000000000001,0.7077000000000001,0.7077000000000001
