suite,case,before_us,after_us,after_min_us,after_max_us,paired_after_before,arrow_native_us,after_native
scalar,arrow_native/16384/AsciiEqArray,67.99,67.49,67.41,70.6,0.9994069681245366,,
scalar,arrow_native/16384/AsciiEqScalar,28.49,28.12,28.12,28.83,1.0028530670470757,,
scalar,arrow_native/16384/ConcatLong,135.6,129.5,128.8,138.9,0.9590469099032017,,
scalar,arrow_native/16384/ConcatLongDense,139.5,141.7,140.9,147.7,1.016499282639885,,
scalar,arrow_native/16384/ConcatShort,101.3,100.4,100.1,103.8,1.001996007984032,,
scalar,arrow_native/16384/ContainsArray,225.0,222.8,220.8,233.4,0.9902222222222222,,
scalar,arrow_native/16384/ContainsScalar,92.99,93.54,92.95,101.2,1.0104359169474944,,
scalar,arrow_native/16384/ContainsScalarDense,108.2,113.2,110.7,117.0,1.0462107208872458,,
scalar,arrow_native/16384/ContainsUtf8Scalar,89.62,89.49,87.7,95.45,1.012936012936013,,
scalar,arrow_native/16384/EndsWithArray,92.74,94.87,93.41,96.24,1.0072244985982317,,
scalar,arrow_native/16384/EndsWithScalar,17.74,17.74,17.29,17.74,0.988300835654596,,
scalar,arrow_native/16384/MultiplyArray,10.24,11.08,11.04,11.08,1.08203125,,
scalar,arrow_native/16384/MultiplyArrayDense,9.791,9.832,9.791,9.999,1.00418751915024,,
scalar,arrow_native/16384/MultiplyScalar,11.74,11.79,11.74,11.99,1.004258943781942,,
scalar,arrow_native/16384/StartsWithArray,72.37,72.58,72.2,74.49,0.9976509603426834,,
scalar,arrow_native/16384/StartsWithScalar,16.95,16.66,16.66,16.87,0.9828908554572272,,
scalar,arrow_native/16384/StartsWithShortScalar,17.74,17.66,17.66,17.66,0.995490417136415,,
scalar,arrow_native/16384/StartsWithUtf8Scalar,12.7,12.95,12.7,14.95,1.0125097732603596,,
scalar,arrow_plus_two_validations/16384/ConcatLong,368.8,376.4,371.1,379.4,1.006236442516269,,
scalar,arrow_plus_two_validations/16384/ConcatLongDense,363.0,381.2,361.0,386.4,1.0420995079278295,,
scalar,arrow_plus_two_validations/16384/ConcatShort,213.3,215.7,215.1,222.4,1.0421511627906976,,
scalar,arrow_rofl/16384/AsciiEqArray,51.99,18.58,18.2,18.74,0.3506321947537271,67.49,0.2753000444510298
scalar,arrow_rofl/16384/AsciiEqScalar,68.41,42.87,42.08,43.62,0.6184597295708406,28.12,1.524537695590327
scalar,arrow_rofl/16384/ConcatLong,792.0,201.2,199.0,204.1,0.2532451005344872,129.5,1.5536679536679536
scalar,arrow_rofl/16384/ConcatLongDense,766.3,187.5,185.7,189.7,0.24661986479459175,141.7,1.3232180663373325
scalar,arrow_rofl/16384/ConcatShort,525.9,137.7,135.4,139.4,0.26409666283084005,100.4,1.3715139442231075
scalar,arrow_rofl/16384/ContainsArray,232.6,197.4,190.9,200.3,0.8357324301439458,222.8,0.8859964093357271
scalar,arrow_rofl/16384/ContainsScalar,136.8,106.3,106.0,107.0,0.7764876632801161,93.54,1.1364122300620054
scalar,arrow_rofl/16384/ContainsScalarDense,152.4,122.2,121.2,122.8,0.8018372703412073,113.2,1.0795053003533568
scalar,arrow_rofl/16384/ContainsUtf8Scalar,146.5,115.8,112.9,117.4,0.7904436860068259,89.49,1.2939993295340262
scalar,arrow_rofl/16384/EndsWithArray,63.62,27.79,27.24,28.24,0.4281672430053442,94.87,0.29292716348687675
scalar,arrow_rofl/16384/EndsWithScalar,58.45,19.62,19.33,20.79,0.33567151411462787,17.74,1.1059751972942504
scalar,arrow_rofl/16384/MultiplyArray,6.124,6.124,6.041,6.124,1.0,11.08,0.5527075812274368
scalar,arrow_rofl/16384/MultiplyArrayDense,5.541,5.541,5.54,5.666,1.0076377523186035,9.832,0.5635679414157851
scalar,arrow_rofl/16384/MultiplyScalar,7.165,7.083,7.082,7.207,0.994244806288602,11.79,0.600763358778626
scalar,arrow_rofl/16384/StartsWithArray,57.95,28.45,28.12,30.04,0.495213228894691,72.58,0.3919812620556627
scalar,arrow_rofl/16384/StartsWithScalar,58.74,23.99,19.41,24.04,0.38310443947620565,16.66,1.4399759903961584
scalar,arrow_rofl/16384/StartsWithShortScalar,55.83,18.45,17.16,19.29,0.33046749059645353,17.66,1.0447338618346544
scalar,arrow_rofl/16384/StartsWithUtf8Scalar,61.29,41.33,41.16,42.79,0.6715614292706803,12.95,3.1915057915057914
scalar,rofl_arrow_bytes/16384/AsciiEqArray,53.2,43.91,41.33,44.29,0.8325187969924811,,
scalar,rofl_arrow_bytes/16384/AsciiEqScalar,67.99,60.2,59.79,61.04,0.8854243271069276,,
scalar,rofl_arrow_bytes/16384/ConcatLong,793.1,201.0,199.5,203.1,0.25154457193292146,,
scalar,rofl_arrow_bytes/16384/ConcatLongDense,759.0,187.1,185.5,191.3,0.24440052700922266,,
scalar,rofl_arrow_bytes/16384/ConcatShort,534.6,139.4,136.5,141.3,0.2589150227617602,,
scalar,rofl_arrow_bytes/16384/ContainsArray,231.5,215.5,213.5,217.1,0.9261945392491467,,
scalar,rofl_arrow_bytes/16384/ContainsScalar,137.4,123.7,123.6,125.9,0.8995633187772925,,
scalar,rofl_arrow_bytes/16384/ContainsScalarDense,152.4,143.3,137.1,145.4,0.9540682414698163,,
scalar,rofl_arrow_bytes/16384/ContainsUtf8Scalar,145.8,115.6,113.6,119.2,0.8033946251768033,,
scalar,rofl_arrow_bytes/16384/EndsWithArray,58.04,56.2,55.49,57.99,0.9793505118249207,,
scalar,rofl_arrow_bytes/16384/EndsWithScalar,57.16,47.58,47.58,48.24,0.8385618611209023,,
scalar,rofl_arrow_bytes/16384/MultiplyArray,6.124,6.083,6.082,6.124,0.9931884528057087,,
scalar,rofl_arrow_bytes/16384/MultiplyArrayDense,5.541,5.541,5.499,5.541,0.9926549623790757,,
scalar,rofl_arrow_bytes/16384/MultiplyScalar,7.124,7.082,7.041,7.083,0.9941044357102752,,
scalar,rofl_arrow_bytes/16384/StartsWithArray,58.83,40.66,40.12,46.33,0.6958029830038155,,
scalar,rofl_arrow_bytes/16384/StartsWithScalar,60.66,46.45,43.16,46.62,0.7115067589845038,,
scalar,rofl_arrow_bytes/16384/StartsWithShortScalar,57.33,42.41,40.97,44.04,0.7397523111808826,,
scalar,rofl_arrow_bytes/16384/StartsWithUtf8Scalar,61.49,38.45,36.33,38.62,0.597631189340352,,
scalar,rofl_prepared_pattern/16384/AsciiEqArray,53.2,53.2,53.2,53.33,1.0,,
scalar,rofl_prepared_pattern/16384/AsciiEqScalar,68.87,68.04,67.33,68.29,0.9872434017595307,,
scalar,rofl_prepared_pattern/16384/ConcatLong,803.8,198.9,197.4,206.7,0.25333675564681724,,
scalar,rofl_prepared_pattern/16384/ConcatLongDense,787.4,186.4,185.6,193.1,0.24523749047498095,,
scalar,rofl_prepared_pattern/16384/ConcatShort,554.9,136.7,135.7,142.0,0.2548456568557071,,
scalar,rofl_prepared_pattern/16384/ContainsArray,230.7,228.9,225.8,236.7,1.0075858991521642,,
scalar,rofl_prepared_pattern/16384/ContainsScalar,135.0,135.6,133.9,136.3,1.0037009622501851,,
scalar,rofl_prepared_pattern/16384/ContainsScalarDense,145.9,144.6,143.6,150.1,1.0006968641114982,,
scalar,rofl_prepared_pattern/16384/ContainsUtf8Scalar,146.9,114.0,112.6,115.9,0.7868623340321453,,
scalar,rofl_prepared_pattern/16384/EndsWithArray,59.04,59.08,58.83,60.08,1.004178505766338,,
scalar,rofl_prepared_pattern/16384/EndsWithScalar,54.74,54.58,53.49,56.45,0.9813016900395541,,
scalar,rofl_prepared_pattern/16384/MultiplyArray,6.124,6.082,6.041,6.083,0.9931417374265187,,
scalar,rofl_prepared_pattern/16384/MultiplyArrayDense,5.54,5.541,5.499,5.541,0.9926549623790757,,
scalar,rofl_prepared_pattern/16384/MultiplyScalar,7.124,7.041,7.041,7.083,0.9883492419988771,,
scalar,rofl_prepared_pattern/16384/StartsWithArray,58.29,57.66,57.37,59.08,1.0022711390635919,,
scalar,rofl_prepared_pattern/16384/StartsWithScalar,57.12,56.45,56.33,57.04,0.9861694677871149,,
scalar,rofl_prepared_pattern/16384/StartsWithShortScalar,55.83,55.62,55.37,56.2,1.0066272613290346,,
scalar,rofl_prepared_pattern/16384/StartsWithUtf8Scalar,64.41,40.87,40.83,41.33,0.641198619391277,,
scalar,rofl_typed_strings/16384/AsciiEqArray,53.95,54.12,54.08,55.29,1.0196078431372548,,
scalar,rofl_typed_strings/16384/AsciiEqScalar,64.45,64.16,63.12,64.33,0.9981380915438324,,
scalar,rofl_typed_strings/16384/ConcatLong,799.8,201.9,200.2,204.6,0.2558139534883721,,
scalar,rofl_typed_strings/16384/ConcatLongDense,785.9,188.5,187.7,190.1,0.241673023137554,,
scalar,rofl_typed_strings/16384/ConcatShort,537.2,135.8,133.0,138.4,0.24785100286532954,,
scalar,rofl_typed_strings/16384/ContainsArray,226.1,228.2,225.4,230.2,0.9969040247678019,,
scalar,rofl_typed_strings/16384/ContainsScalar,131.1,134.8,133.6,135.1,1.0206264323911383,,
scalar,rofl_typed_strings/16384/ContainsScalarDense,142.0,147.5,144.7,147.7,1.0306267806267806,,
scalar,rofl_typed_strings/16384/ContainsUtf8Scalar,146.6,114.2,114.0,115.6,0.7789904502046385,,
scalar,rofl_typed_strings/16384/EndsWithArray,57.16,57.08,56.91,58.2,1.0104443264294565,,
scalar,rofl_typed_strings/16384/EndsWithScalar,52.37,52.74,52.16,53.54,1.0024340011233852,,
scalar,rofl_typed_strings/16384/MultiplyArray,6.124,6.083,6.082,6.124,1.0,,
scalar,rofl_typed_strings/16384/MultiplyArrayDense,5.541,5.54,5.499,5.541,0.9924758151200287,,
scalar,rofl_typed_strings/16384/MultiplyScalar,7.124,7.041,7.04,7.124,0.9882088714205502,,
scalar,rofl_typed_strings/16384/StartsWithArray,55.91,54.2,54.04,55.16,0.9694151314612771,,
scalar,rofl_typed_strings/16384/StartsWithScalar,54.16,53.29,53.2,55.64,0.9992486851990985,,
scalar,rofl_typed_strings/16384/StartsWithShortScalar,52.41,52.95,50.95,53.91,1.0103033772180883,,
scalar,rofl_typed_strings/16384/StartsWithUtf8Scalar,61.16,38.04,36.54,42.04,0.6219751471550032,,
scalar,rofl_view_header/16384/StartsWithArray,56.66,58.91,57.12,59.41,1.039710554182845,,
scalar,rofl_view_header/16384/StartsWithScalar,50.99,62.95,62.49,63.54,1.226378336255601,,
scalar,rofl_view_header/16384/StartsWithShortScalar,33.93,34.99,33.24,36.12,1.0312407898614795,,
workloads,arrow_native/16384/AllNull,0.7917000000000001,0.781,0.7707,0.781,0.9734748010610079,,
workloads,arrow_native/16384/BooleanSlice,0.07265,0.07006,0.0675,0.07262,0.9643496214728148,,
workloads,arrow_native/16384/CheckedAdd,8.499,8.374,8.291,8.457,0.9950582421461348,,
workloads,arrow_native/16384/CheckedAddNullable,11.33,11.29,11.2,11.33,0.9964819700967459,,
workloads,arrow_native/16384/DictionaryInteger,46.24,47.87,47.41,47.87,1.0253027681660898,,
workloads,arrow_native/16384/DictionaryString,289.5,301.7,298.0,303.1,1.0415807560137458,,
workloads,arrow_native/16384/DivideNullable,12.08,11.95,11.95,12.08,0.9925249169435216,,
workloads,arrow_native/16384/Nullary,1.27,1.312,1.249,1.353,1.0399692544196772,,
workloads,arrow_native/16384/ScalarOnly,1.228,1.249,1.239,1.312,1.0684039087947883,,
workloads,arrow_native/16384/ScaleList0,0.06486,0.0668,0.06615,0.06745000000000001,1.030069390902082,,
workloads,arrow_native/16384/ScaleList4,8.832,8.749,8.499,8.791,0.9953577898550724,,
workloads,arrow_native/16384/Timestamp,14.87,14.7,14.54,14.87,1.0,,
workloads,arrow_native/16384/TrimLargeUtf8,204.5,221.5,220.7,223.3,1.0831295843520783,,
workloads,arrow_native/16384/TrimUtf8,200.9,221.5,220.9,226.3,1.1025385764061721,,
workloads,arrow_native/16384/TrimViewLong,211.9,225.7,225.0,227.8,1.0750353940537989,,
workloads,arrow_native/16384/TrimViewShort,185.0,199.7,193.4,201.0,1.0554968287526427,,
workloads,arrow_rofl/16384/AllNull,1.134,1.156,1.156,1.166,1.0194003527336861,0.781,1.4801536491677336
workloads,arrow_rofl/16384/BooleanSlice,4.791,4.708,4.708,4.708,0.9826758505531203,0.07006,67.19954324864402
workloads,arrow_rofl/16384/CheckedAdd,3.52,3.458,3.437,3.458,0.9823863636363637,8.374,0.4129448292333413
workloads,arrow_rofl/16384/CheckedAddNullable,5.332,5.249,5.207,5.249,0.9767398585783401,11.29,0.46492471213463243
workloads,arrow_rofl/16384/DictionaryInteger,36.74,35.49,34.99,35.7,0.9534059945504088,47.87,0.7413829120534783
workloads,arrow_rofl/16384/DictionaryString,460.9,285.8,278.1,291.4,0.6200911260577132,301.7,0.94729864103414
workloads,arrow_rofl/16384/DivideNullable,36.2,17.95,13.66,17.99,0.49585635359116015,11.95,1.502092050209205
workloads,arrow_rofl/16384/Nullary,2.145,2.114,1.749,2.124,0.9855477855477854,1.312,1.6112804878048779
workloads,arrow_rofl/16384/ScalarOnly,7.374,2.02,1.978,2.041,0.27678329264985085,1.249,1.6172938350680544
workloads,arrow_rofl/16384/ScaleList0,9.791,1.031,1.02,1.031,0.10417730568889796,0.0668,15.434131736526945
workloads,arrow_rofl/16384/ScaleList4,68.74,15.62,15.54,15.79,0.2272330520803026,8.749,1.7853468967882042
workloads,arrow_rofl/16384/Timestamp,5.499,5.374,5.374,5.415,0.9772685942898709,14.7,0.365578231292517
workloads,arrow_rofl/16384/TrimLargeUtf8,439.4,208.3,206.8,214.5,0.4740555302685481,221.5,0.9404063205417608
workloads,arrow_rofl/16384/TrimUtf8,445.2,214.7,209.6,220.1,0.48225516621743036,221.5,0.9693002257336343
workloads,arrow_rofl/16384/TrimViewLong,440.7,217.5,214.4,223.1,0.49476797088262053,225.7,0.9636685866194064
workloads,arrow_rofl/16384/TrimViewShort,360.5,182.4,181.9,190.4,0.5281553398058253,199.7,0.913370055082624
workloads,rofl_fixed_width/16384,55.54,15.95,15.83,16.41,0.2891852393131165,,
boundaries,arrow_invocation/0/false,0.6247,0.6247,0.5986,0.6247,1.0,,
boundaries,arrow_invocation/0/true,0.6091000000000001,0.6247,0.5987,0.6247,1.0,,
boundaries,arrow_invocation/1/false,0.6247,0.6144,0.6142000000000001,0.6247,0.9912846998063267,,
boundaries,arrow_invocation/1/true,0.6196,0.6143,0.6091000000000001,0.6143,0.9914460942543575,,
boundaries,arrow_invocation/1024/false,0.7497,0.7497,0.729,0.7497,1.0,,
boundaries,arrow_invocation/1024/true,0.7087000000000001,0.7077000000000001,0.7077000000000001,0.7081000000000001,0.99915337942712,,
boundaries,arrow_invocation/16384/false,4.124,4.083,4.082,4.124,0.9899183869419106,,
boundaries,arrow_invocation/16384/true,3.207,3.165,3.165,3.166,0.9869036482694107,,
boundaries,arrow_invocation/64/false,0.6507000000000001,0.6247,0.6247,0.6299,0.9680344244659597,,
boundaries,arrow_invocation/64/true,0.6247,0.6247,0.6247,0.6247,1.0,,
boundaries,arrow_native_wrapping_add/0/false,0.1247,0.1247,0.1247,0.1247,1.0,,
boundaries,arrow_native_wrapping_add/0/true,0.04175,0.04175,0.02939,0.04175,1.0,,
boundaries,arrow_native_wrapping_add/1/false,0.04076,0.04109,0.04011,0.04111,1.0080961727183515,,
boundaries,arrow_native_wrapping_add/1/true,0.0362,0.0362,0.03555,0.03623,1.0005523336095001,,
boundaries,arrow_native_wrapping_add/1024/false,0.1667,0.1667,0.1585,0.1677,0.9923076923076922,,
boundaries,arrow_native_wrapping_add/1024/true,0.1325,0.12990000000000002,0.1273,0.1325,0.960754716981132,,
boundaries,arrow_native_wrapping_add/16384/false,3.416,3.374,3.353,3.416,1.0,,
boundaries,arrow_native_wrapping_add/16384/true,1.551,1.541,1.51,1.624,0.9753753753753754,,
boundaries,arrow_native_wrapping_add/64/false,0.049229999999999996,0.051750000000000004,0.049229999999999996,0.05185,1.0328685258964143,,
boundaries,arrow_native_wrapping_add/64/true,0.04336,0.04533,0.04401,0.04533,1.0454335793357934,,
boundaries,direct_typed_collection/0,0.020579999999999998,0.02093,0.020579999999999998,0.021070000000000002,1.0170068027210886,,
boundaries,direct_typed_collection/1,0.03132,0.03198,0.03164,0.03232,1.0210727969348659,,
boundaries,direct_typed_collection/1024,0.165,0.1677,0.1662,0.1703,1.0078124999999998,,
boundaries,direct_typed_collection/16384,3.395,3.395,3.395,3.395,1.0,,
boundaries,direct_typed_collection/64,0.038810000000000004,0.039810000000000005,0.038810000000000004,0.04077,1.0257665550115949,,
boundaries,nullable_bool/false/Arrow,5.499,5.457,5.457,5.499,0.9923622476813967,,
boundaries,nullable_bool/false/ArrowBaseline,21.37,20.91,20.87,21.37,0.9980906921241051,,
boundaries,nullable_bool/false/ExtractedVortex,5.916,5.915,5.874,5.916,0.9930684699915469,,
boundaries,nullable_bool/false/LegacyVortex,5.374,5.333,5.332,5.333,0.9921845924823224,,
boundaries,nullable_bool/true/Arrow,38.41,32.83,32.79,32.95,0.8578495183545953,,
boundaries,nullable_bool/true/ArrowBaseline,21.33,21.08,20.87,21.37,0.9882794186591655,,
boundaries,nullable_bool/true/ExtractedVortex,33.62,32.24,32.04,32.41,0.9589530041641882,,
boundaries,nullable_bool/true/LegacyVortex,15.87,15.91,15.83,16.04,0.9974795211090107,,
boundaries,shared_collection/0,0.02546,0.02628,0.02546,0.0263,1.0322073841319717,,
boundaries,shared_collection/1,0.03425,0.03558,0.03523,0.03621,1.0489386792452828,,
boundaries,shared_collection/1024,0.1611,0.1638,0.1247,0.18980000000000002,1.016759776536313,,
boundaries,shared_collection/16384,3.478,3.499,3.478,3.499,1.0,,
boundaries,shared_collection/64,0.04401,0.04467,0.04401,0.04469,1.0152272727272729,,
boundaries,shared_executor/0,0.4577,0.4577,0.445,0.4577,0.9978199258774798,,
boundaries,shared_executor/1,0.4606,0.4577,0.45280000000000004,0.4581,0.9871375626771312,,
boundaries,shared_executor/1024,0.5827000000000001,0.5726,0.5675,0.5727000000000001,0.9811547027582662,,
boundaries,shared_executor/16384,3.957,3.957,3.916,3.957,0.989638615112459,,
boundaries,shared_executor/64,0.4997,0.4685,0.46580000000000005,0.4997,0.9375625375225136,,
boundaries,vortex_add/0/false,0.4577,0.4167,0.4167,0.4167,0.9104216735853179,,
boundaries,vortex_add/0/true,0.4997,0.4587,0.4577,0.4997,0.9179507704622774,,
boundaries,vortex_add/1/false,0.2497,0.2497,0.2497,0.2497,1.0,,
boundaries,vortex_add/1/true,0.5417000000000001,0.4997,0.4997,0.5417000000000001,0.9224663097655528,,
boundaries,vortex_add/1024/false,0.3327,0.3327,0.3327,0.3327,1.0,,
boundaries,vortex_add/1024/true,0.7497,0.7917000000000001,0.7497,0.7917000000000001,1.0,,
boundaries,vortex_add/16384/false,2.79,2.791,2.749,2.791,1.0,,
boundaries,vortex_add/16384/true,3.249,3.291,3.249,3.332,1.012780548628429,,
boundaries,vortex_add/64/false,0.2497,0.2497,0.2497,0.2497,1.0,,
boundaries,vortex_add/64/true,0.7077000000000001,0.7077000000000001,0.6667000000000001,0.7087000000000001,1.0,,
