variant,case,median_ns,min_ns,max_ns,run_1_ns,run_2_ns,run_3_ns
baseline,arrow_native/16384/AsciiEqArray,69290.0,68910.0,69870.0,69290.0,68910.0,69870.0
baseline,arrow_native/16384/AsciiEqScalar,28990.0,28870.0,29120.0,29120.0,28870.0,28990.0
baseline,arrow_native/16384/ConcatLong,138600.0,137100.0,138800.0,138600.0,138800.0,137100.0
baseline,arrow_native/16384/ConcatLongDense,142500.0,141000.0,142500.0,142500.0,142500.0,141000.0
baseline,arrow_native/16384/ConcatShort,105300.0,105000.0,107300.0,107300.0,105000.0,105300.0
baseline,arrow_native/16384/ContainsArray,229900.0,229000.0,230200.0,229900.0,230200.0,229000.0
baseline,arrow_native/16384/ContainsScalar,92290.0,91620.0,94700.0,94700.0,92290.0,91620.0
baseline,arrow_native/16384/ContainsScalarDense,110900.0,109700.0,111400.0,110900.0,109700.0,111400.0
baseline,arrow_native/16384/ContainsUtf8Scalar,89640.0,89120.0,90290.0,89640.0,90290.0,89120.0
baseline,arrow_native/16384/EndsWithArray,94290.0,94240.0,94700.0,94290.0,94700.0,94240.0
baseline,arrow_native/16384/EndsWithScalar,18200.0,18160.0,18240.0,18240.0,18200.0,18160.0
baseline,arrow_native/16384/MultiplyArray,11790.0,11740.0,11870.0,11870.0,11740.0,11790.0
baseline,arrow_native/16384/MultiplyArrayDense,9999.0,9916.0,9999.0,9916.0,9999.0,9999.0
baseline,arrow_native/16384/MultiplyScalar,11910.0,11790.0,11950.0,11950.0,11790.0,11910.0
baseline,arrow_native/16384/StartsWithArray,73620.0,72870.0,74490.0,72870.0,74490.0,73620.0
baseline,arrow_native/16384/StartsWithScalar,17200.0,17160.0,18240.0,18240.0,17160.0,17200.0
baseline,arrow_native/16384/StartsWithShortScalar,18040.0,17990.0,18080.0,18080.0,17990.0,18040.0
baseline,arrow_native/16384/StartsWithUtf8Scalar,13040.0,13040.0,13370.0,13370.0,13040.0,13040.0
baseline,arrow_plus_two_validations/16384/ConcatLong,375900.0,373800.0,397000.0,397000.0,375900.0,373800.0
baseline,arrow_plus_two_validations/16384/ConcatLongDense,373200.0,370100.0,403200.0,403200.0,373200.0,370100.0
baseline,arrow_plus_two_validations/16384/ConcatShort,215100.0,214700.0,216500.0,214700.0,215100.0,216500.0
baseline,arrow_rofl/16384/AsciiEqArray,53330.0,53240.0,55040.0,55040.0,53240.0,53330.0
baseline,arrow_rofl/16384/AsciiEqScalar,71080.0,69620.0,76910.0,71080.0,76910.0,69620.0
baseline,arrow_rofl/16384/ConcatLong,803000.0,795500.0,804900.0,803000.0,804900.0,795500.0
baseline,arrow_rofl/16384/ConcatLongDense,772300.0,747800.0,796200.0,796200.0,772300.0,747800.0
baseline,arrow_rofl/16384/ConcatShort,539100.0,531200.0,540900.0,540900.0,531200.0,539100.0
baseline,arrow_rofl/16384/ContainsArray,234800.0,234200.0,236000.0,234200.0,234800.0,236000.0
baseline,arrow_rofl/16384/ContainsScalar,148600.0,144800.0,149100.0,148600.0,149100.0,144800.0
baseline,arrow_rofl/16384/ContainsScalarDense,156800.0,156700.0,158500.0,158500.0,156700.0,156800.0
baseline,arrow_rofl/16384/ContainsUtf8Scalar,153000.0,152200.0,155000.0,155000.0,152200.0,153000.0
baseline,arrow_rofl/16384/EndsWithArray,92950.0,92770.0,96200.0,96200.0,92950.0,92770.0
baseline,arrow_rofl/16384/EndsWithScalar,80790.0,78200.0,84950.0,80790.0,84950.0,78200.0
baseline,arrow_rofl/16384/MultiplyArray,6249.0,6207.0,6332.0,6332.0,6207.0,6249.0
baseline,arrow_rofl/16384/MultiplyArrayDense,5624.0,5583.0,5708.0,5708.0,5583.0,5624.0
baseline,arrow_rofl/16384/MultiplyScalar,7249.0,7249.0,7333.0,7333.0,7249.0,7249.0
baseline,arrow_rofl/16384/StartsWithArray,89240.0,89200.0,91830.0,91830.0,89200.0,89240.0
baseline,arrow_rofl/16384/StartsWithScalar,77160.0,74870.0,77490.0,74870.0,77160.0,77490.0
baseline,arrow_rofl/16384/StartsWithShortScalar,86740.0,86080.0,87700.0,86080.0,86740.0,87700.0
baseline,arrow_rofl/16384/StartsWithUtf8Scalar,81950.0,81660.0,82330.0,82330.0,81660.0,81950.0
baseline,rofl_arrow_bytes/16384/AsciiEqArray,53450.0,53290.0,53620.0,53620.0,53290.0,53450.0
baseline,rofl_arrow_bytes/16384/AsciiEqScalar,70990.0,69080.0,71080.0,71080.0,69080.0,70990.0
baseline,rofl_arrow_bytes/16384/ConcatLong,810100.0,797400.0,812900.0,812900.0,810100.0,797400.0
baseline,rofl_arrow_bytes/16384/ConcatLongDense,762400.0,755700.0,791600.0,791600.0,762400.0,755700.0
baseline,rofl_arrow_bytes/16384/ConcatShort,550300.0,537700.0,558000.0,537700.0,558000.0,550300.0
baseline,rofl_arrow_bytes/16384/ContainsArray,234400.0,231300.0,235500.0,231300.0,235500.0,234400.0
baseline,rofl_arrow_bytes/16384/ContainsScalar,142200.0,141300.0,147400.0,141300.0,142200.0,147400.0
baseline,rofl_arrow_bytes/16384/ContainsScalarDense,157300.0,156400.0,157700.0,157300.0,157700.0,156400.0
baseline,rofl_arrow_bytes/16384/ContainsUtf8Scalar,149900.0,148100.0,153900.0,153900.0,148100.0,149900.0
baseline,rofl_arrow_bytes/16384/EndsWithArray,59410.0,59200.0,59790.0,59790.0,59200.0,59410.0
baseline,rofl_arrow_bytes/16384/EndsWithScalar,64470.0,63540.0,69620.0,64470.0,63540.0,69620.0
baseline,rofl_arrow_bytes/16384/MultiplyArray,6249.0,6249.0,6374.0,6374.0,6249.0,6249.0
baseline,rofl_arrow_bytes/16384/MultiplyArrayDense,5583.0,5583.0,5665.0,5665.0,5583.0,5583.0
baseline,rofl_arrow_bytes/16384/MultiplyScalar,7249.0,7249.0,7249.0,7249.0,7249.0,7249.0
baseline,rofl_arrow_bytes/16384/StartsWithArray,59660.0,59450.0,60370.0,60370.0,59660.0,59450.0
baseline,rofl_arrow_bytes/16384/StartsWithScalar,66580.0,62410.0,71790.0,71790.0,66580.0,62410.0
baseline,rofl_arrow_bytes/16384/StartsWithShortScalar,68080.0,58990.0,68580.0,68080.0,68580.0,58990.0
baseline,rofl_arrow_bytes/16384/StartsWithUtf8Scalar,62330.0,62040.0,63490.0,62330.0,62040.0,63490.0
baseline,rofl_prepared_pattern/16384/AsciiEqArray,52330.0,52290.0,52370.0,52370.0,52330.0,52290.0
baseline,rofl_prepared_pattern/16384/AsciiEqScalar,68910.0,68790.0,68950.0,68910.0,68950.0,68790.0
baseline,rofl_prepared_pattern/16384/ConcatLong,805300.0,800000.0,808300.0,808300.0,805300.0,800000.0
baseline,rofl_prepared_pattern/16384/ConcatLongDense,758300.0,755600.0,793800.0,793800.0,755600.0,758300.0
baseline,rofl_prepared_pattern/16384/ConcatShort,542300.0,530900.0,545100.0,530900.0,542300.0,545100.0
baseline,rofl_prepared_pattern/16384/ContainsArray,231300.0,230900.0,232600.0,232600.0,231300.0,230900.0
baseline,rofl_prepared_pattern/16384/ContainsScalar,141500.0,140500.0,142400.0,142400.0,141500.0,140500.0
baseline,rofl_prepared_pattern/16384/ContainsScalarDense,146800.0,146200.0,148300.0,146200.0,146800.0,148300.0
baseline,rofl_prepared_pattern/16384/ContainsUtf8Scalar,150600.0,149200.0,159000.0,159000.0,149200.0,150600.0
baseline,rofl_prepared_pattern/16384/EndsWithArray,59330.0,58240.0,60160.0,59330.0,60160.0,58240.0
baseline,rofl_prepared_pattern/16384/EndsWithScalar,55790.0,55620.0,58410.0,58410.0,55790.0,55620.0
baseline,rofl_prepared_pattern/16384/MultiplyArray,6249.0,6249.0,6249.0,6249.0,6249.0,6249.0
baseline,rofl_prepared_pattern/16384/MultiplyArrayDense,5583.0,5583.0,5583.0,5583.0,5583.0,5583.0
baseline,rofl_prepared_pattern/16384/MultiplyScalar,7249.0,7249.0,7249.0,7249.0,7249.0,7249.0
baseline,rofl_prepared_pattern/16384/StartsWithArray,57790.0,57370.0,57830.0,57370.0,57830.0,57790.0
baseline,rofl_prepared_pattern/16384/StartsWithScalar,57490.0,57240.0,58870.0,57240.0,58870.0,57490.0
baseline,rofl_prepared_pattern/16384/StartsWithShortScalar,55540.0,55490.0,59700.0,59700.0,55540.0,55490.0
baseline,rofl_prepared_pattern/16384/StartsWithUtf8Scalar,65790.0,65330.0,66580.0,66580.0,65790.0,65330.0
baseline,rofl_typed_strings/16384/AsciiEqArray,52330.0,52290.0,53660.0,52290.0,53660.0,52330.0
baseline,rofl_typed_strings/16384/AsciiEqScalar,64739.99999999999,64489.99999999999,65370.00000000001,64489.99999999999,64739.99999999999,65370.00000000001
baseline,rofl_typed_strings/16384/ConcatLong,818500.0,799200.0,821100.0,799200.0,821100.0,818500.0
baseline,rofl_typed_strings/16384/ConcatLongDense,761500.0,755500.0,784500.0,784500.0,761500.0,755500.0
baseline,rofl_typed_strings/16384/ConcatShort,542700.0,530900.0,546300.0,530900.0,546300.0,542700.0
baseline,rofl_typed_strings/16384/ContainsArray,231800.0,228800.0,235000.0,228800.0,235000.0,231800.0
baseline,rofl_typed_strings/16384/ContainsScalar,140100.0,139800.0,140800.0,139800.0,140100.0,140800.0
baseline,rofl_typed_strings/16384/ContainsScalarDense,147700.0,143500.0,147900.0,143500.0,147700.0,147900.0
baseline,rofl_typed_strings/16384/ContainsUtf8Scalar,152800.0,151400.0,153100.0,153100.0,152800.0,151400.0
baseline,rofl_typed_strings/16384/EndsWithArray,56330.0,56290.0,57830.0,57830.0,56290.0,56330.0
baseline,rofl_typed_strings/16384/EndsWithScalar,55330.0,54620.0,56160.0,54620.0,55330.0,56160.0
baseline,rofl_typed_strings/16384/MultiplyArray,6166.0,6165.0,6249.0,6165.0,6166.0,6249.0
baseline,rofl_typed_strings/16384/MultiplyArrayDense,5583.0,5499.0,5624.0,5624.0,5499.0,5583.0
baseline,rofl_typed_strings/16384/MultiplyScalar,7166.0,7124.0,7208.0,7166.0,7124.0,7208.0
baseline,rofl_typed_strings/16384/StartsWithArray,58240.0,56700.0,58790.0,58240.0,58790.0,56700.0
baseline,rofl_typed_strings/16384/StartsWithScalar,54540.0,54410.0,56290.0,56290.0,54540.0,54410.0
baseline,rofl_typed_strings/16384/StartsWithShortScalar,52330.0,51830.0,54200.0,51830.0,54200.0,52330.0
baseline,rofl_typed_strings/16384/StartsWithUtf8Scalar,62160.0,60740.0,62240.0,62240.0,60740.0,62160.0
baseline,rofl_view_header/16384/StartsWithArray,55120.0,53950.0,55240.0,55240.0,53950.0,55120.0
baseline,rofl_view_header/16384/StartsWithScalar,49740.0,49490.0,52620.0,49740.0,52620.0,49490.0
baseline,rofl_view_header/16384/StartsWithShortScalar,34950.0,34660.0,35580.0,34950.0,35580.0,34660.0
inline,arrow_native/16384/AsciiEqArray,68370.0,67540.0,69200.0,68370.0,67540.0,69200.0
inline,arrow_native/16384/AsciiEqScalar,28410.0,28040.0,28740.0,28410.0,28040.0,28740.0
inline,arrow_native/16384/ConcatLong,137700.0,136900.0,142700.0,142700.0,137700.0,136900.0
inline,arrow_native/16384/ConcatLongDense,142200.0,140600.0,143400.0,143400.0,142200.0,140600.0
inline,arrow_native/16384/ConcatShort,104500.0,103700.0,104700.0,104500.0,103700.0,104700.0
inline,arrow_native/16384/ContainsArray,226800.0,224400.0,227500.0,226800.0,224400.0,227500.0
inline,arrow_native/16384/ContainsScalar,91700.0,90830.0,92660.0,91700.0,90830.0,92660.0
inline,arrow_native/16384/ContainsScalarDense,110500.0,109800.0,110900.0,110900.0,109800.0,110500.0
inline,arrow_native/16384/ContainsUtf8Scalar,87740.0,87660.0,89700.0,89700.0,87660.0,87740.0
inline,arrow_native/16384/EndsWithArray,95290.0,94450.0,96080.0,96080.0,94450.0,95290.0
inline,arrow_native/16384/EndsWithScalar,20200.0,19330.0,20370.0,19330.0,20200.0,20370.0
inline,arrow_native/16384/MultiplyArray,10450.0,10290.0,10490.0,10490.0,10290.0,10450.0
inline,arrow_native/16384/MultiplyArrayDense,9999.0,9916.0,10040.0,10040.0,9916.0,9999.0
inline,arrow_native/16384/MultiplyScalar,12040.0,11870.0,12200.0,12040.0,11870.0,12200.0
inline,arrow_native/16384/StartsWithArray,74020.0,72950.0,74740.0,74020.0,74740.0,72950.0
inline,arrow_native/16384/StartsWithScalar,17990.0,17370.0,18120.0,17370.0,17990.0,18120.0
inline,arrow_native/16384/StartsWithShortScalar,18040.0,18040.0,19490.0,18040.0,19490.0,18040.0
inline,arrow_native/16384/StartsWithUtf8Scalar,13120.0,13080.0,13160.0,13160.0,13080.0,13120.0
inline,arrow_plus_two_validations/16384/ConcatLong,369200.0,365700.0,370600.0,369200.0,370600.0,365700.0
inline,arrow_plus_two_validations/16384/ConcatLongDense,367800.0,360900.0,377800.0,367800.0,377800.0,360900.0
inline,arrow_plus_two_validations/16384/ConcatShort,213400.0,213100.0,215100.0,213400.0,215100.0,213100.0
inline,arrow_rofl/16384/AsciiEqArray,62640.0,62160.0,63410.0,62640.0,62160.0,63410.0
inline,arrow_rofl/16384/AsciiEqScalar,78370.0,78240.0,78370.0,78370.0,78370.0,78240.0
inline,arrow_rofl/16384/ConcatLong,800500.0,798400.0,812800.0,798400.0,812800.0,800500.0
inline,arrow_rofl/16384/ConcatLongDense,786900.0,777200.0,810200.0,777200.0,810200.0,786900.0
inline,arrow_rofl/16384/ConcatShort,560800.0,551400.0,569000.0,551400.0,560800.0,569000.0
inline,arrow_rofl/16384/ContainsArray,240500.0,233700.0,244100.0,233700.0,240500.0,244100.0
inline,arrow_rofl/16384/ContainsScalar,146300.0,143500.0,149500.0,143500.0,146300.0,149500.0
inline,arrow_rofl/16384/ContainsScalarDense,160500.0,157500.0,163200.0,157500.0,160500.0,163200.0
inline,arrow_rofl/16384/ContainsUtf8Scalar,144200.0,142200.0,146100.0,142200.0,144200.0,146100.0
inline,arrow_rofl/16384/EndsWithArray,102600.0,100100.0,103500.0,100100.0,102600.0,103500.0
inline,arrow_rofl/16384/EndsWithScalar,85580.0,83330.0,86120.0,83330.0,86120.0,85580.0
inline,arrow_rofl/16384/MultiplyArray,6166.0,6165.0,6290.0,6165.0,6166.0,6290.0
inline,arrow_rofl/16384/MultiplyArrayDense,5583.0,5540.0,5624.0,5540.0,5583.0,5624.0
inline,arrow_rofl/16384/MultiplyScalar,7207.0,7166.0,7249.0,7166.0,7249.0,7207.0
inline,arrow_rofl/16384/StartsWithArray,97770.0,96740.0,97830.0,96740.0,97770.0,97830.0
inline,arrow_rofl/16384/StartsWithScalar,83580.0,82620.0,83740.0,82620.0,83580.0,83740.0
inline,arrow_rofl/16384/StartsWithShortScalar,94370.0,94200.0,94410.0,94200.0,94370.0,94410.0
inline,arrow_rofl/16384/StartsWithUtf8Scalar,78950.0,78040.0,79950.0,78040.0,78950.0,79950.0
inline,rofl_arrow_bytes/16384/AsciiEqArray,62990.0,62200.0,63370.0,62200.0,63370.0,62990.0
inline,rofl_arrow_bytes/16384/AsciiEqScalar,77660.0,76950.0,79740.0,76950.0,77660.0,79740.0
inline,rofl_arrow_bytes/16384/ConcatLong,798000.0,781500.0,818900.0,781500.0,818900.0,798000.0
inline,rofl_arrow_bytes/16384/ConcatLongDense,781000.0,772300.0,789200.0,772300.0,789200.0,781000.0
inline,rofl_arrow_bytes/16384/ConcatShort,553400.0,552800.0,561400.0,553400.0,561400.0,552800.0
inline,rofl_arrow_bytes/16384/ContainsArray,240000.0,235800.0,245600.0,235800.0,240000.0,245600.0
inline,rofl_arrow_bytes/16384/ContainsScalar,146200.0,143100.0,146700.0,143100.0,146700.0,146200.0
inline,rofl_arrow_bytes/16384/ContainsScalarDense,160100.0,156700.0,161400.0,156700.0,161400.0,160100.0
inline,rofl_arrow_bytes/16384/ContainsUtf8Scalar,142300.0,139500.0,145600.0,139500.0,145600.0,142300.0
inline,rofl_arrow_bytes/16384/EndsWithArray,73450.0,73370.0,74540.0,73370.0,73450.0,74540.0
inline,rofl_arrow_bytes/16384/EndsWithScalar,68870.0,68200.0,71160.0,71160.0,68870.0,68200.0
inline,rofl_arrow_bytes/16384/MultiplyArray,6207.0,6207.0,6207.0,6207.0,6207.0,6207.0
inline,rofl_arrow_bytes/16384/MultiplyArrayDense,5582.0,5582.0,5582.0,5582.0,5582.0,5582.0
inline,rofl_arrow_bytes/16384/MultiplyScalar,7208.0,7165.0,7290.0,7290.0,7165.0,7208.0
inline,rofl_arrow_bytes/16384/StartsWithArray,70870.0,70700.0,71660.0,71660.0,70700.0,70870.0
inline,rofl_arrow_bytes/16384/StartsWithScalar,68950.0,68910.0,70200.0,68950.0,68910.0,70200.0
inline,rofl_arrow_bytes/16384/StartsWithShortScalar,68540.0,67620.0,71160.0,71160.0,68540.0,67620.0
inline,rofl_arrow_bytes/16384/StartsWithUtf8Scalar,66160.0,63580.0,66870.0,63580.0,66160.0,66870.0
inline,rofl_prepared_pattern/16384/AsciiEqArray,51910.0,51870.0,52370.0,51910.0,51870.0,52370.0
inline,rofl_prepared_pattern/16384/AsciiEqScalar,65200.0,64700.0,65620.0,65620.0,65200.0,64700.0
inline,rofl_prepared_pattern/16384/ConcatLong,803500.0,789900.0,819100.0,789900.0,819100.0,803500.0
inline,rofl_prepared_pattern/16384/ConcatLongDense,789800.0,774400.0,797200.0,797200.0,789800.0,774400.0
inline,rofl_prepared_pattern/16384/ConcatShort,552900.0,552700.0,560900.0,552700.0,560900.0,552900.0
inline,rofl_prepared_pattern/16384/ContainsArray,234200.0,234200.0,239700.0,234200.0,239700.0,234200.0
inline,rofl_prepared_pattern/16384/ContainsScalar,132800.0,132400.0,132900.0,132900.0,132800.0,132400.0
inline,rofl_prepared_pattern/16384/ContainsScalarDense,145300.0,144200.0,146300.0,145300.0,146300.0,144200.0
inline,rofl_prepared_pattern/16384/ContainsUtf8Scalar,144400.0,144300.0,144700.0,144400.0,144700.0,144300.0
inline,rofl_prepared_pattern/16384/EndsWithArray,60200.0,59620.0,60330.0,60330.0,60200.0,59620.0
inline,rofl_prepared_pattern/16384/EndsWithScalar,55620.0,55410.0,62370.0,62370.0,55620.0,55410.0
inline,rofl_prepared_pattern/16384/MultiplyArray,6207.0,6166.0,6207.0,6207.0,6166.0,6207.0
inline,rofl_prepared_pattern/16384/MultiplyArrayDense,5583.0,5582.0,5583.0,5583.0,5583.0,5582.0
inline,rofl_prepared_pattern/16384/MultiplyScalar,7207.0,7166.0,7249.0,7249.0,7207.0,7166.0
inline,rofl_prepared_pattern/16384/StartsWithArray,59700.0,59490.0,59910.0,59910.0,59700.0,59490.0
inline,rofl_prepared_pattern/16384/StartsWithScalar,58790.0,57830.0,60790.0,60790.0,57830.0,58790.0
inline,rofl_prepared_pattern/16384/StartsWithShortScalar,57790.0,57140.0,58040.0,57790.0,58040.0,57140.0
inline,rofl_prepared_pattern/16384/StartsWithUtf8Scalar,67990.0,65740.0,68870.0,68870.0,67990.0,65740.0
inline,rofl_typed_strings/16384/AsciiEqArray,51830.0,51830.0,51970.0,51970.0,51830.0,51830.0
inline,rofl_typed_strings/16384/AsciiEqScalar,64450.0,64160.0,64739.99999999999,64160.0,64450.0,64739.99999999999
inline,rofl_typed_strings/16384/ConcatLong,816300.0,804300.0,819500.0,804300.0,819500.0,816300.0
inline,rofl_typed_strings/16384/ConcatLongDense,802600.0,778800.0,809200.0,809200.0,802600.0,778800.0
inline,rofl_typed_strings/16384/ConcatShort,554400.0,547900.0,560300.0,547900.0,560300.0,554400.0
inline,rofl_typed_strings/16384/ContainsArray,234400.0,233800.0,237900.0,237900.0,234400.0,233800.0
inline,rofl_typed_strings/16384/ContainsScalar,133400.0,132600.0,133900.0,132600.0,133400.0,133900.0
inline,rofl_typed_strings/16384/ContainsScalarDense,144800.0,143400.0,144800.0,143400.0,144800.0,144800.0
inline,rofl_typed_strings/16384/ContainsUtf8Scalar,144100.0,143700.0,144200.0,144200.0,144100.0,143700.0
inline,rofl_typed_strings/16384/EndsWithArray,56830.0,56040.0,59740.0,56040.0,59740.0,56830.0
inline,rofl_typed_strings/16384/EndsWithScalar,52620.0,51790.0,54790.0,51790.0,54790.0,52620.0
inline,rofl_typed_strings/16384/MultiplyArray,6207.0,6166.0,6249.0,6249.0,6207.0,6166.0
inline,rofl_typed_strings/16384/MultiplyArrayDense,5583.0,5582.0,5583.0,5583.0,5582.0,5583.0
inline,rofl_typed_strings/16384/MultiplyScalar,7249.0,7207.0,7249.0,7249.0,7207.0,7249.0
inline,rofl_typed_strings/16384/StartsWithArray,57120.0,56410.0,57330.0,56410.0,57120.0,57330.0
inline,rofl_typed_strings/16384/StartsWithScalar,56640.0,54910.0,57740.0,54910.0,56640.0,57740.0
inline,rofl_typed_strings/16384/StartsWithShortScalar,52240.0,51870.0,52910.0,52240.0,52910.0,51870.0
inline,rofl_typed_strings/16384/StartsWithUtf8Scalar,66240.0,65120.00000000001,68080.0,66240.0,65120.00000000001,68080.0
inline,rofl_view_header/16384/StartsWithArray,37040.0,36790.0,37790.0,36790.0,37790.0,37040.0
inline,rofl_view_header/16384/StartsWithScalar,34290.0,33620.0,34790.0,34790.0,34290.0,33620.0
inline,rofl_view_header/16384/StartsWithShortScalar,23740.0,23240.0,24830.0,23240.0,24830.0,23740.0
final,arrow_native/16384/AsciiEqArray,68660.0,67740.0,69490.0,69490.0,68660.0,67740.0
final,arrow_native/16384/AsciiEqScalar,28370.0,28040.0,28490.0,28490.0,28040.0,28370.0
final,arrow_native/16384/ConcatLong,132700.0,132500.0,135300.0,132700.0,132500.0,135300.0
final,arrow_native/16384/ConcatLongDense,138100.0,136900.0,138400.0,136900.0,138100.0,138400.0
final,arrow_native/16384/ConcatShort,100300.0,99490.0,102300.0,102300.0,99490.0,100300.0
final,arrow_native/16384/ContainsArray,222300.0,218300.0,223400.0,222300.0,223400.0,218300.0
final,arrow_native/16384/ContainsScalar,91700.0,91290.0,94490.0,94490.0,91700.0,91290.0
final,arrow_native/16384/ContainsScalarDense,107800.0,107200.0,108700.0,107200.0,107800.0,108700.0
final,arrow_native/16384/ContainsUtf8Scalar,87870.0,87740.0,91740.0,87870.0,91740.0,87740.0
final,arrow_native/16384/EndsWithArray,92450.0,92330.0,93240.0,92330.0,93240.0,92450.0
final,arrow_native/16384/EndsWithScalar,17870.0,17790.0,17910.0,17790.0,17910.0,17870.0
final,arrow_native/16384/MultiplyArray,10330.0,10240.0,10330.0,10330.0,10330.0,10240.0
final,arrow_native/16384/MultiplyArrayDense,9791.0,9791.0,9832.0,9832.0,9791.0,9791.0
final,arrow_native/16384/MultiplyScalar,11870.0,11830.0,11910.0,11830.0,11910.0,11870.0
final,arrow_native/16384/StartsWithArray,71490.0,71490.0,73740.0,71490.0,73740.0,71490.0
final,arrow_native/16384/StartsWithScalar,16740.0,16740.0,17740.0,16740.0,17740.0,16740.0
final,arrow_native/16384/StartsWithShortScalar,17660.0,17660.0,17660.0,17660.0,17660.0,17660.0
final,arrow_native/16384/StartsWithUtf8Scalar,12950.0,12700.0,12990.0,12700.0,12950.0,12990.0
final,arrow_plus_two_validations/16384/ConcatLong,360200.0,348100.0,366200.0,348100.0,360200.0,366200.0
final,arrow_plus_two_validations/16384/ConcatLongDense,367400.0,354500.0,372400.0,367400.0,372400.0,354500.0
final,arrow_plus_two_validations/16384/ConcatShort,206500.0,205800.0,206900.0,206500.0,205800.0,206900.0
final,arrow_rofl/16384/AsciiEqArray,52410.0,52240.0,52870.0,52240.0,52870.0,52410.0
final,arrow_rofl/16384/AsciiEqScalar,67790.0,67620.0,68120.0,68120.0,67790.0,67620.0
final,arrow_rofl/16384/ConcatLong,769100.0,767900.0,776000.0,767900.0,776000.0,769100.0
final,arrow_rofl/16384/ConcatLongDense,750000.0,744500.0,759700.0,744500.0,759700.0,750000.0
final,arrow_rofl/16384/ConcatShort,520100.0,510000.0,524300.0,510000.0,524300.0,520100.0
final,arrow_rofl/16384/ContainsArray,225900.0,224000.0,228300.0,224000.0,228300.0,225900.0
final,arrow_rofl/16384/ContainsScalar,136200.0,135200.0,139700.0,136200.0,139700.0,135200.0
final,arrow_rofl/16384/ContainsScalarDense,152300.0,150800.0,153800.0,150800.0,153800.0,152300.0
final,arrow_rofl/16384/ContainsUtf8Scalar,142100.0,140300.0,148000.0,140300.0,148000.0,142100.0
final,arrow_rofl/16384/EndsWithArray,64489.99999999999,63620.0,64540.00000000001,63620.0,64489.99999999999,64540.00000000001
final,arrow_rofl/16384/EndsWithScalar,59660.0,59410.0,62620.0,59660.0,62620.0,59410.0
final,arrow_rofl/16384/MultiplyArray,6166.0,6124.0,6166.0,6166.0,6166.0,6124.0
final,arrow_rofl/16384/MultiplyArrayDense,5540.0,5540.0,5582.0,5540.0,5582.0,5540.0
final,arrow_rofl/16384/MultiplyScalar,7124.0,7083.0,7166.0,7166.0,7083.0,7124.0
final,arrow_rofl/16384/StartsWithArray,58370.0,58120.0,59200.0,58120.0,59200.0,58370.0
final,arrow_rofl/16384/StartsWithScalar,58990.0,57970.0,60740.0,57970.0,58990.0,60740.0
final,arrow_rofl/16384/StartsWithShortScalar,56700.0,56290.0,59160.0,56700.0,59160.0,56290.0
final,arrow_rofl/16384/StartsWithUtf8Scalar,60950.0,60660.0,62020.0,60950.0,62020.0,60660.0
final,rofl_arrow_bytes/16384/AsciiEqArray,52200.0,52160.0,52660.0,52200.0,52160.0,52660.0
final,rofl_arrow_bytes/16384/AsciiEqScalar,68450.0,67770.0,68540.0,68450.0,68540.0,67770.0
final,rofl_arrow_bytes/16384/ConcatLong,777200.0,774600.0,778700.0,778700.0,777200.0,774600.0
final,rofl_arrow_bytes/16384/ConcatLongDense,758100.0,750900.0,771100.0,758100.0,771100.0,750900.0
final,rofl_arrow_bytes/16384/ConcatShort,520200.00000000006,519299.99999999994,521700.00000000006,520200.00000000006,519299.99999999994,521700.00000000006
final,rofl_arrow_bytes/16384/ContainsArray,231900.0,228200.0,234200.0,234200.0,231900.0,228200.0
final,rofl_arrow_bytes/16384/ContainsScalar,136700.0,136700.0,138200.0,136700.0,138200.0,136700.0
final,rofl_arrow_bytes/16384/ContainsScalarDense,153000.0,149500.0,154800.0,154800.0,153000.0,149500.0
final,rofl_arrow_bytes/16384/ContainsUtf8Scalar,143900.0,143000.0,146800.0,146800.0,143000.0,143900.0
final,rofl_arrow_bytes/16384/EndsWithArray,56990.0,56700.0,57160.0,56990.0,57160.0,56700.0
final,rofl_arrow_bytes/16384/EndsWithScalar,57950.0,57370.0,59870.0,57370.0,59870.0,57950.0
final,rofl_arrow_bytes/16384/MultiplyArray,6083.0,6083.0,6249.0,6249.0,6083.0,6083.0
final,rofl_arrow_bytes/16384/MultiplyArrayDense,5541.0,5499.0,5541.0,5541.0,5541.0,5499.0
final,rofl_arrow_bytes/16384/MultiplyScalar,7166.0,7082.0,7207.0,7166.0,7207.0,7082.0
final,rofl_arrow_bytes/16384/StartsWithArray,59330.0,57450.0,59660.0,59660.0,59330.0,57450.0
final,rofl_arrow_bytes/16384/StartsWithScalar,61160.0,57830.0,65910.0,65910.0,57830.0,61160.0
final,rofl_arrow_bytes/16384/StartsWithShortScalar,57290.0,56790.0,58200.0,58200.0,56790.0,57290.0
final,rofl_arrow_bytes/16384/StartsWithUtf8Scalar,61200.0,61080.0,61870.0,61870.0,61080.0,61200.0
final,rofl_prepared_pattern/16384/AsciiEqArray,53370.0,53120.0,53410.0,53120.0,53370.0,53410.0
final,rofl_prepared_pattern/16384/AsciiEqScalar,69330.0,67910.0,69790.0,67910.0,69330.0,69790.0
final,rofl_prepared_pattern/16384/ConcatLong,768000.0,762100.0,782700.0,762100.0,768000.0,782700.0
final,rofl_prepared_pattern/16384/ConcatLongDense,756700.0,747900.0,780400.0,747900.0,756700.0,780400.0
final,rofl_prepared_pattern/16384/ConcatShort,529200.0,528700.0,533500.0,528700.0,533500.0,529200.0
final,rofl_prepared_pattern/16384/ContainsArray,225900.0,225200.0,226500.0,226500.0,225900.0,225200.0
final,rofl_prepared_pattern/16384/ContainsScalar,131300.0,129900.0,132200.0,129900.0,132200.0,131300.0
final,rofl_prepared_pattern/16384/ContainsScalarDense,143400.0,142900.0,144000.0,142900.0,143400.0,144000.0
final,rofl_prepared_pattern/16384/ContainsUtf8Scalar,142500.0,140700.0,145400.0,140700.0,142500.0,145400.0
final,rofl_prepared_pattern/16384/EndsWithArray,58830.0,58240.0,59160.0,58240.0,58830.0,59160.0
final,rofl_prepared_pattern/16384/EndsWithScalar,54330.0,54330.0,54410.0,54330.0,54410.0,54330.0
final,rofl_prepared_pattern/16384/MultiplyArray,6083.0,6082.0,6124.0,6124.0,6083.0,6082.0
final,rofl_prepared_pattern/16384/MultiplyArrayDense,5540.0,5499.0,5541.0,5499.0,5540.0,5541.0
final,rofl_prepared_pattern/16384/MultiplyScalar,7124.0,7124.0,7208.0,7124.0,7124.0,7208.0
final,rofl_prepared_pattern/16384/StartsWithArray,57310.0,57240.0,57870.0,57310.0,57240.0,57870.0
final,rofl_prepared_pattern/16384/StartsWithScalar,56870.0,56660.0,64080.0,64080.0,56870.0,56660.0
final,rofl_prepared_pattern/16384/StartsWithShortScalar,56160.0,54660.0,57120.0,57120.0,54660.0,56160.0
final,rofl_prepared_pattern/16384/StartsWithUtf8Scalar,64290.00000000001,63950.0,64989.99999999999,64290.00000000001,63950.0,64989.99999999999
final,rofl_typed_strings/16384/AsciiEqArray,53580.0,52910.0,54240.0,52910.0,53580.0,54240.0
final,rofl_typed_strings/16384/AsciiEqScalar,63950.0,63450.0,64330.0,63950.0,63450.0,64330.0
final,rofl_typed_strings/16384/ConcatLong,778800.0,769200.0,785600.0,769200.0,778800.0,785600.0
final,rofl_typed_strings/16384/ConcatLongDense,752700.0,745400.0,766800.0,745400.0,752700.0,766800.0
final,rofl_typed_strings/16384/ConcatShort,524400.0,519200.00000000006,530900.0,530900.0,524400.0,519200.00000000006
final,rofl_typed_strings/16384/ContainsArray,222700.0,222700.0,224300.0,222700.0,222700.0,224300.0
final,rofl_typed_strings/16384/ContainsScalar,129500.0,129400.0,130699.99999999999,130699.99999999999,129400.0,129500.0
final,rofl_typed_strings/16384/ContainsScalarDense,142100.0,141600.0,143200.0,142100.0,143200.0,141600.0
final,rofl_typed_strings/16384/ContainsUtf8Scalar,143800.0,142900.0,144300.0,143800.0,142900.0,144300.0
final,rofl_typed_strings/16384/EndsWithArray,57240.0,55580.0,57450.0,57450.0,57240.0,55580.0
final,rofl_typed_strings/16384/EndsWithScalar,51830.0,51700.0,52160.0,51830.0,51700.0,52160.0
final,rofl_typed_strings/16384/MultiplyArray,6083.0,6082.0,6124.0,6124.0,6083.0,6082.0
final,rofl_typed_strings/16384/MultiplyArrayDense,5499.0,5499.0,5540.0,5499.0,5540.0,5499.0
final,rofl_typed_strings/16384/MultiplyScalar,7124.0,7124.0,7124.0,7124.0,7124.0,7124.0
final,rofl_typed_strings/16384/StartsWithArray,55200.0,54990.0,55490.0,55200.0,55490.0,54990.0
final,rofl_typed_strings/16384/StartsWithScalar,53990.0,53830.0,54080.0,53830.0,54080.0,53990.0
final,rofl_typed_strings/16384/StartsWithShortScalar,51160.0,50990.0,53040.0,50990.0,51160.0,53040.0
final,rofl_typed_strings/16384/StartsWithUtf8Scalar,63700.0,60580.0,65870.0,65870.0,60580.0,63700.0
final,rofl_view_header/16384/StartsWithArray,56490.0,56370.0,57370.0,56490.0,56370.0,57370.0
final,rofl_view_header/16384/StartsWithScalar,48450.0,47410.0,48790.0,47410.0,48790.0,48450.0
final,rofl_view_header/16384/StartsWithShortScalar,33390.0,33370.0,36080.0,36080.0,33390.0,33370.0
lists,arrow_native/16384/AllNull,791.7,791.7,796.6,791.7,796.6,791.7
lists,arrow_native/16384/BooleanSlice,72.65,72.62,72.68,72.65,72.62,72.68
lists,arrow_native/16384/CheckedAdd,8499.0,8416.0,8499.0,8499.0,8499.0,8416.0
lists,arrow_native/16384/CheckedAddNullable,11450.0,11410.0,11450.0,11450.0,11410.0,11450.0
lists,arrow_native/16384/DictionaryInteger,46700.0,46290.0,48990.0,48990.0,46700.0,46290.0
lists,arrow_native/16384/DictionaryString,290800.0,279400.0,293000.0,290800.0,279400.0,293000.0
lists,arrow_native/16384/DivideNullable,12240.0,12240.0,12330.0,12240.0,12330.0,12240.0
lists,arrow_native/16384/Nullary,1187.0,1156.0,1354.0,1156.0,1354.0,1187.0
lists,arrow_native/16384/ScalarOnly,1166.0,1135.0,1291.0,1166.0,1291.0,1135.0
lists,arrow_native/16384/ScaleList0,66.15,66.15,66.82,66.15,66.15,66.82
lists,arrow_native/16384/ScaleList4,6624.0,6582.0,9249.0,6582.0,9249.0,6624.0
lists,arrow_native/16384/Timestamp,15080.0,14790.0,15200.0,15200.0,15080.0,14790.0
lists,arrow_native/16384/TrimLargeUtf8,206600.0,205800.0,209100.0,205800.0,209100.0,206600.0
lists,arrow_native/16384/TrimUtf8,208200.0,201800.0,214800.0,201800.0,208200.0,214800.0
lists,arrow_native/16384/TrimViewLong,209300.0,204600.0,211100.0,204600.0,209300.0,211100.0
lists,arrow_native/16384/TrimViewShort,188300.0,186900.0,192400.0,186900.0,188300.0,192400.0
lists,arrow_rofl/16384/AllNull,1156.0,1156.0,1197.0,1156.0,1156.0,1197.0
lists,arrow_rofl/16384/BooleanSlice,4874.0,4833.0,4915.0,4833.0,4874.0,4915.0
lists,arrow_rofl/16384/CheckedAdd,3562.0,3541.0,3583.0,3562.0,3541.0,3583.0
lists,arrow_rofl/16384/CheckedAddNullable,5457.0,5416.0,5499.0,5457.0,5416.0,5499.0
lists,arrow_rofl/16384/DictionaryInteger,37740.0,37620.0,38040.0,38040.0,37620.0,37740.0
lists,arrow_rofl/16384/DictionaryString,471400.0,468900.0,476900.0,476900.0,471400.0,468900.0
lists,arrow_rofl/16384/DivideNullable,36990.0,36660.0,37410.0,37410.0,36660.0,36990.0
lists,arrow_rofl/16384/Nullary,2228.0,2166.0,2228.0,2228.0,2166.0,2228.0
lists,arrow_rofl/16384/ScalarOnly,7541.0,7416.0,7624.0,7541.0,7416.0,7624.0
lists,arrow_rofl/16384/ScaleList0,10040.0,9874.0,10080.0,10040.0,9874.0,10080.0
lists,arrow_rofl/16384/ScaleList4,69950.0,69450.0,70620.0,70620.0,69950.0,69450.0
lists,arrow_rofl/16384/Timestamp,5666.0,5624.0,5666.0,5666.0,5624.0,5666.0
lists,arrow_rofl/16384/TrimLargeUtf8,458600.0,454900.0,461000.0,461000.0,454900.0,458600.0
lists,arrow_rofl/16384/TrimUtf8,454500.0,450900.0,460800.0,460800.0,450900.0,454500.0
lists,arrow_rofl/16384/TrimViewLong,452800.0,448100.0,465400.0,465400.0,448100.0,452800.0
lists,arrow_rofl/16384/TrimViewShort,283900.0,282600.0,285900.0,283900.0,282600.0,285900.0
lists,rofl_fixed_width/16384,56120.0,56040.0,56490.0,56120.0,56040.0,56490.0
