suite,case,median_ns,min_run_ns,max_run_ns,run_1_ns,run_2_ns,run_3_ns
boundaries,arrow_invocation/0/false,598.7,583.7,624.7,583.7,598.7,624.7
boundaries,arrow_invocation/0/true,604.0,598.7,604.0,604.0,598.7,604.0
boundaries,arrow_invocation/1/false,624.7,619.6,624.7,624.7,619.6,624.7
boundaries,arrow_invocation/1/true,624.7,619.5,630.0,624.7,619.5,630.0
boundaries,arrow_invocation/64/false,630.0,624.7,635.1,624.7,635.1,630.0
boundaries,arrow_invocation/64/true,629.9,624.7,635.2,624.7,635.2,629.9
boundaries,arrow_invocation/1024/false,734.1,728.9,734.1,734.1,734.1,728.9
boundaries,arrow_invocation/1024/true,708.1,708.1,713.4,708.1,713.4,708.1
boundaries,arrow_invocation/16384/false,4082.0,3999.0,4083.0,3999.0,4083.0,4082.0
boundaries,arrow_invocation/16384/true,3124.0,2854.0,3145.0,2854.0,3124.0,3145.0
boundaries,arrow_native_wrapping_add/0/false,124.7,124.7,124.7,124.7,124.7,124.7
boundaries,arrow_native_wrapping_add/0/true,41.76,29.39,41.77,41.76,29.39,41.77
boundaries,arrow_native_wrapping_add/1/false,40.45,40.14,41.76,40.45,40.14,41.76
boundaries,arrow_native_wrapping_add/1/true,36.21,35.57,36.55,36.21,35.57,36.55
boundaries,arrow_native_wrapping_add/64/false,49.57,49.25,49.89,49.89,49.57,49.25
boundaries,arrow_native_wrapping_add/64/true,43.38,42.73,43.72,42.73,43.72,43.38
boundaries,arrow_native_wrapping_add/1024/false,153.4,150.8,158.6,150.8,153.4,158.6
boundaries,arrow_native_wrapping_add/1024/true,127.3,124.7,127.3,127.3,127.3,124.7
boundaries,arrow_native_wrapping_add/16384/false,3374.0,2520.0,3374.0,2520.0,3374.0,3374.0
boundaries,arrow_native_wrapping_add/16384/true,1541.0,1426.0,1562.0,1426.0,1541.0,1562.0
boundaries,direct_typed_collection/0,20.92,20.61,20.93,20.92,20.61,20.93
boundaries,direct_typed_collection/1,31.98,30.37,32.16,31.98,32.16,30.37
boundaries,direct_typed_collection/64,39.16,38.18,39.46,39.46,38.18,39.16
boundaries,direct_typed_collection/1024,148.2,135.2,153.4,148.2,135.2,153.4
boundaries,direct_typed_collection/16384,3333.0,3062.0,3353.0,3062.0,3333.0,3353.0
boundaries,nullable_bool/false/Arrow,5499.0,5499.0,5499.0,5499.0,5499.0,5499.0
boundaries,nullable_bool/false/ArrowBaseline,21330.0,20870.0,21330.0,21330.0,20870.0,21330.0
boundaries,nullable_bool/false/ExtractedVortex,5874.0,5874.0,5874.0,5874.0,5874.0,5874.0
boundaries,nullable_bool/false/LegacyVortex,5332.0,5332.0,5332.0,5332.0,5332.0,5332.0
boundaries,nullable_bool/true/Arrow,38240.0,38080.0,38740.0,38240.0,38080.0,38740.0
boundaries,nullable_bool/true/ArrowBaseline,20910.0,20870.0,21330.0,21330.0,20870.0,20910.0
boundaries,nullable_bool/true/ExtractedVortex,33490.0,33490.0,33540.0,33490.0,33490.0,33540.0
boundaries,nullable_bool/true/LegacyVortex,15950.0,15580.0,15990.0,15990.0,15950.0,15580.0
boundaries,shared_collection/0,25.32,25.32,25.47,25.47,25.32,25.32
boundaries,shared_collection/1,34.28,33.62,34.59,34.59,34.28,33.62
boundaries,shared_collection/64,42.73,42.41,43.07,42.73,42.41,43.07
boundaries,shared_collection/1024,174.2,129.9,183.3,174.2,129.9,183.3
boundaries,shared_collection/16384,3395.0,3103.0,3416.0,3103.0,3416.0,3395.0
boundaries,shared_executor/0,457.7,452.9,460.7,457.7,460.7,452.9
boundaries,shared_executor/1,463.3,460.7,463.3,463.3,463.3,460.7
boundaries,shared_executor/64,489.3,484.1,499.7,484.1,499.7,489.3
boundaries,shared_executor/1024,582.7,567.5,583.0,567.5,582.7,583.0
boundaries,shared_executor/16384,3916.0,3583.0,3916.0,3583.0,3916.0,3916.0
boundaries,vortex_add/0/false,416.7,416.7,416.7,416.7,416.7,416.7
boundaries,vortex_add/0/true,463.3,457.7,499.7,499.7,463.3,457.7
boundaries,vortex_add/1/false,241.9,240.6,244.5,241.9,244.5,240.6
boundaries,vortex_add/1/true,499.7,499.7,515.4,499.7,515.4,499.7
boundaries,vortex_add/64/false,256.2,252.3,260.1,260.1,256.2,252.3
boundaries,vortex_add/64/true,682.0,666.7,707.7,707.7,682.0,666.7
boundaries,vortex_add/1024/false,333.0,332.7,348.6,348.6,333.0,332.7
boundaries,vortex_add/1024/true,770.5,749.7,790.7,790.7,749.7,770.5
boundaries,vortex_add/16384/false,2749.0,2541.0,2791.0,2541.0,2749.0,2791.0
boundaries,vortex_add/16384/true,3207.0,2958.0,3208.0,2958.0,3207.0,3208.0
arrow,arrow_native/0/AllNull,45.03,45.02,45.35,45.03,45.35,45.02
arrow,arrow_native/0/BooleanSlice,40.15,39.81,40.15,40.15,39.81,40.15
arrow,arrow_native/0/CheckedAdd,44.37,44.36,44.7,44.37,44.7,44.36
arrow,arrow_native/0/CheckedAddNullable,45.03,45.02,45.67,45.03,45.67,45.02
arrow,arrow_native/0/DictionaryInteger,286.2,281.0,296.6,286.2,296.6,281.0
arrow,arrow_native/0/DictionaryString,304.4,301.9,307.1,307.1,304.4,301.9
arrow,arrow_native/0/DivideNullable,46.32,46.01,46.65,46.01,46.65,46.32
arrow,arrow_native/0/Nullary,22.07,21.1,22.08,22.08,21.1,22.07
arrow,arrow_native/0/ScalarOnly,24.02,23.86,24.52,24.52,23.86,24.02
arrow,arrow_native/0/ScaleList0,66.19,66.18,67.47,66.19,66.18,67.47
arrow,arrow_native/0/ScaleList4,65.53,65.53,66.82,65.53,65.53,66.82
arrow,arrow_native/0/Timestamp,48.61,48.28,49.57,48.61,48.28,49.57
arrow,arrow_native/0/TrimLargeUtf8,39.82,39.49,40.14,39.82,39.49,40.14
arrow,arrow_native/0/TrimUtf8,39.49,39.49,39.81,39.49,39.49,39.81
arrow,arrow_native/0/TrimViewLong,38.84,38.5,39.49,38.84,39.49,38.5
arrow,arrow_native/0/TrimViewShort,39.15,38.84,39.5,39.5,38.84,39.15
arrow,arrow_native/64/AllNull,59.66,59.01,59.67,59.01,59.67,59.66
arrow,arrow_native/64/BooleanSlice,40.79,40.14,40.79,40.79,40.14,40.79
arrow,arrow_native/64/CheckedAdd,85.71,85.07,85.72,85.72,85.07,85.71
arrow,arrow_native/64/CheckedAddNullable,100.6,100.0,100.7,100.0,100.7,100.6
arrow,arrow_native/64/DictionaryInteger,458.0,458.0,473.7,458.0,473.7,458.0
arrow,arrow_native/64/DictionaryString,1583.0,1499.0,1583.0,1499.0,1583.0,1583.0
arrow,arrow_native/64/DivideNullable,106.5,105.8,107.1,105.8,106.5,107.1
arrow,arrow_native/64/Nullary,35.58,35.58,35.59,35.59,35.58,35.58
arrow,arrow_native/64/ScalarOnly,38.84,38.5,39.17,39.17,38.84,38.5
arrow,arrow_native/64/ScaleList0,66.19,66.18,67.47,66.19,66.18,67.47
arrow,arrow_native/64/ScaleList4,100.0,98.75,101.3,98.75,101.3,100.0
arrow,arrow_native/64/Timestamp,119.5,119.5,159.9,159.9,119.5,119.5
arrow,arrow_native/64/TrimLargeUtf8,932.0,906.0,937.2,906.0,932.0,937.2
arrow,arrow_native/64/TrimUtf8,926.7,874.7,926.7,874.7,926.7,926.7
arrow,arrow_native/64/TrimViewLong,937.2,926.9,942.5,926.9,937.2,942.5
arrow,arrow_native/64/TrimViewShort,760.2,718.5,760.2,718.5,760.2,760.2
arrow,arrow_native/1024/AllNull,135.2,129.9,148.2,129.9,148.2,135.2
arrow,arrow_native/1024/BooleanSlice,42.43,42.09,42.74,42.43,42.09,42.74
arrow,arrow_native/1024/CheckedAdd,515.4,515.4,541.4,515.4,541.4,515.4
arrow,arrow_native/1024/CheckedAddNullable,723.6,713.4,723.6,713.4,723.6,723.6
arrow,arrow_native/1024/DictionaryInteger,2332.0,2291.0,2353.0,2291.0,2353.0,2332.0
arrow,arrow_native/1024/DictionaryString,18240.0,16580.0,18740.0,16580.0,18740.0,18240.0
arrow,arrow_native/1024/DivideNullable,786.2,786.1,791.4,791.4,786.1,786.2
arrow,arrow_native/1024/Nullary,101.3,98.78,106.5,101.3,98.78,106.5
arrow,arrow_native/1024/ScalarOnly,111.7,104.0,124.7,111.7,104.0,124.7
arrow,arrow_native/1024/ScaleList0,66.19,66.18,67.47,66.19,66.18,67.47
arrow,arrow_native/1024/ScaleList4,416.5,406.0,458.0,458.0,416.5,406.0
arrow,arrow_native/1024/Timestamp,973.6,958.0,999.7,973.6,958.0,999.7
arrow,arrow_native/1024/TrimLargeUtf8,13200.0,12660.0,13200.0,12660.0,13200.0,13200.0
arrow,arrow_native/1024/TrimUtf8,13160.0,12540.0,13200.0,12540.0,13200.0,13160.0
arrow,arrow_native/1024/TrimViewLong,13410.0,12290.0,13450.0,12290.0,13410.0,13450.0
arrow,arrow_native/1024/TrimViewShort,11120.0,11120.0,11160.0,11120.0,11120.0,11160.0
arrow,arrow_native/16384/AllNull,702.9,577.9,702.9,702.9,577.9,702.9
arrow,arrow_native/16384/BooleanSlice,71.4,67.53,82.47,82.47,67.53,71.4
arrow,arrow_native/16384/CheckedAdd,8166.0,7582.0,8291.0,7582.0,8166.0,8291.0
arrow,arrow_native/16384/CheckedAddNullable,11160.0,11120.0,11200.0,11160.0,11200.0,11120.0
arrow,arrow_native/16384/DictionaryInteger,41740.0,40660.0,42580.0,40660.0,41740.0,42580.0
arrow,arrow_native/16384/DictionaryString,277300.0,276000.0,277300.0,276000.0,277300.0,277300.0
arrow,arrow_native/16384/DivideNullable,11950.0,11910.0,11990.0,11950.0,11990.0,11910.0
arrow,arrow_native/16384/Nullary,1020.0,1020.0,1104.0,1020.0,1020.0,1104.0
arrow,arrow_native/16384/ScalarOnly,1072.0,1041.0,1156.0,1072.0,1041.0,1156.0
arrow,arrow_native/16384/ScaleList0,66.19,66.18,67.48,66.19,66.18,67.48
arrow,arrow_native/16384/ScaleList4,8749.0,7915.0,8749.0,7915.0,8749.0,8749.0
arrow,arrow_native/16384/Timestamp,13790.0,13370.0,14410.0,13370.0,13790.0,14410.0
arrow,arrow_native/16384/TrimLargeUtf8,196500.0,194600.0,202500.0,196500.0,194600.0,202500.0
arrow,arrow_native/16384/TrimUtf8,199400.0,197400.0,201400.0,197400.0,199400.0,201400.0
arrow,arrow_native/16384/TrimViewLong,208900.0,202500.0,209000.0,202500.0,208900.0,209000.0
arrow,arrow_native/16384/TrimViewShort,175800.0,171100.0,177000.0,171100.0,175800.0,177000.0
arrow,arrow_rofl/0/AllNull,603.9,603.9,609.1,603.9,609.1,603.9
arrow,arrow_rofl/0/BooleanSlice,494.5,489.4,499.7,489.4,494.5,499.7
arrow,arrow_rofl/0/CheckedAdd,609.1,603.9,614.4,603.9,614.4,609.1
arrow,arrow_rofl/0/CheckedAddNullable,609.1,604.0,614.4,604.0,614.4,609.1
arrow,arrow_rofl/0/DictionaryInteger,885.2,869.6,916.5,869.6,916.5,885.2
arrow,arrow_rofl/0/DictionaryString,916.4,906.0,942.5,906.0,942.5,916.4
arrow,arrow_rofl/0/DivideNullable,635.2,624.7,645.5,635.2,624.7,645.5
arrow,arrow_rofl/0/Nullary,364.3,361.7,364.3,361.7,364.3,364.3
arrow,arrow_rofl/0/ScalarOnly,604.0,603.9,609.1,603.9,604.0,609.1
arrow,arrow_rofl/0/ScaleList0,1041.0,1020.0,1041.0,1020.0,1041.0,1041.0
arrow,arrow_rofl/0/ScaleList4,1031.0,1014.9999999999999,1051.0,1014.9999999999999,1051.0,1031.0
arrow,arrow_rofl/0/Timestamp,765.4,760.1,770.6,760.1,765.4,770.6
arrow,arrow_rofl/0/TrimLargeUtf8,604.0,593.5,609.1,593.5,604.0,609.1
arrow,arrow_rofl/0/TrimUtf8,593.5,588.2,603.9,588.2,603.9,593.5
arrow,arrow_rofl/0/TrimViewLong,609.1,609.1,614.4,609.1,614.4,609.1
arrow,arrow_rofl/0/TrimViewShort,609.1,609.1,614.2,609.1,614.2,609.1
arrow,arrow_rofl/64/AllNull,437.2,434.6,437.2,437.2,434.6,437.2
arrow,arrow_rofl/64/BooleanSlice,557.0,557.0,562.2,557.0,557.0,562.2
arrow,arrow_rofl/64/CheckedAdd,635.2,629.9,640.4,629.9,635.2,640.4
arrow,arrow_rofl/64/CheckedAddNullable,656.0,650.7,666.5,650.7,666.5,656.0
arrow,arrow_rofl/64/DictionaryInteger,1072.0,1067.0,1124.0,1072.0,1124.0,1067.0
arrow,arrow_rofl/64/DictionaryString,3124.0,3083.0,3166.0,3124.0,3166.0,3083.0
arrow,arrow_rofl/64/DivideNullable,827.9,822.6,838.2,827.9,822.6,838.2
arrow,arrow_rofl/64/Nullary,387.7,387.7,387.7,387.7,387.7,387.7
arrow,arrow_rofl/64/ScalarOnly,781.0,770.5,791.2,781.0,791.2,770.5
arrow,arrow_rofl/64/ScaleList0,1109.0,1093.0,1135.0,1093.0,1135.0,1109.0
arrow,arrow_rofl/64/ScaleList4,1354.0,1343.0,1395.0,1343.0,1395.0,1354.0
arrow,arrow_rofl/64/Timestamp,812.2,801.9,817.4,812.2,801.9,817.4
arrow,arrow_rofl/64/TrimLargeUtf8,2624.0,2624.0,2666.0,2624.0,2624.0,2666.0
arrow,arrow_rofl/64/TrimUtf8,2624.0,2624.0,2707.0,2624.0,2624.0,2707.0
arrow,arrow_rofl/64/TrimViewLong,2624.0,2583.0,2645.0,2583.0,2624.0,2645.0
arrow,arrow_rofl/64/TrimViewShort,1791.0,1697.0,1812.0,1791.0,1697.0,1812.0
arrow,arrow_rofl/1024/AllNull,510.0,499.7,510.2,510.2,510.0,499.7
arrow,arrow_rofl/1024/BooleanSlice,807.0,807.0,817.4,817.4,807.0,807.0
arrow,arrow_rofl/1024/CheckedAdd,786.1,781.0,807.0,781.0,786.1,807.0
arrow,arrow_rofl/1024/CheckedAddNullable,921.6,921.6,921.6,921.6,921.6,921.6
arrow,arrow_rofl/1024/DictionaryInteger,2624.0,2583.0,2624.0,2583.0,2624.0,2624.0
arrow,arrow_rofl/1024/DictionaryString,29540.0,29200.0,29580.0,29200.0,29540.0,29580.0
arrow,arrow_rofl/1024/DivideNullable,2916.0,2916.0,2957.0,2916.0,2916.0,2957.0
arrow,arrow_rofl/1024/Nullary,468.5,463.2,471.0,468.5,463.2,471.0
arrow,arrow_rofl/1024/ScalarOnly,1145.0,1135.0,1145.0,1145.0,1145.0,1135.0
arrow,arrow_rofl/1024/ScaleList0,1614.0,1604.0,1645.0,1604.0,1614.0,1645.0
arrow,arrow_rofl/1024/ScaleList4,5374.0,5333.0,5374.0,5333.0,5374.0,5374.0
arrow,arrow_rofl/1024/Timestamp,1062.0,1062.0,1083.0,1062.0,1062.0,1083.0
arrow,arrow_rofl/1024/TrimLargeUtf8,27830.0,25910.0,28290.0,25910.0,27830.0,28290.0
arrow,arrow_rofl/1024/TrimUtf8,27700.0,26580.0,28330.0,27700.0,26580.0,28330.0
arrow,arrow_rofl/1024/TrimViewLong,27830.0,27370.0,28370.0,27370.0,27830.0,28370.0
arrow,arrow_rofl/1024/TrimViewShort,17240.0,16160.0,17330.0,16160.0,17240.0,17330.0
arrow,arrow_rofl/16384/AllNull,1010.0,999.7,1093.0,1010.0,999.7,1093.0
arrow,arrow_rofl/16384/BooleanSlice,4791.0,4790.0,4791.0,4791.0,4790.0,4791.0
arrow,arrow_rofl/16384/CheckedAdd,3499.0,3478.0,3520.0,3478.0,3520.0,3499.0
arrow,arrow_rofl/16384/CheckedAddNullable,5249.0,5249.0,5374.0,5249.0,5374.0,5249.0
arrow,arrow_rofl/16384/DictionaryInteger,35950.0,33740.0,36370.0,33740.0,35950.0,36370.0
arrow,arrow_rofl/16384/DictionaryString,437900.0,432200.0,440100.0,432200.0,437900.0,440100.0
arrow,arrow_rofl/16384/DivideNullable,36290.0,36200.0,36330.0,36290.0,36200.0,36330.0
arrow,arrow_rofl/16384/Nullary,2114.0,2104.0,2114.0,2114.0,2104.0,2114.0
arrow,arrow_rofl/16384/ScalarOnly,7207.0,7082.0,7249.0,7249.0,7082.0,7207.0
arrow,arrow_rofl/16384/ScaleList0,9957.0,9707.0,10040.0,9707.0,9957.0,10040.0
arrow,arrow_rofl/16384/ScaleList4,67200.0,66660.0,68160.0,66660.0,68160.0,67200.0
arrow,arrow_rofl/16384/Timestamp,5416.0,5416.0,5457.0,5416.0,5457.0,5416.0
arrow,arrow_rofl/16384/TrimLargeUtf8,415400.0,414100.0,433500.0,414100.0,415400.0,433500.0
arrow,arrow_rofl/16384/TrimUtf8,417800.0,412400.0,422600.0,412400.0,417800.0,422600.0
arrow,arrow_rofl/16384/TrimViewLong,418800.0,416800.0,421600.0,416800.0,418800.0,421600.0
arrow,arrow_rofl/16384/TrimViewShort,279200.0,270500.0,279600.0,279200.0,270500.0,279600.0
