rows,case,native_median_us,rofl_median_us,rofl_native_ratio,median_paired_ratio,native_run_1_us,native_run_2_us,native_run_3_us,rofl_run_1_us,rofl_run_2_us,rofl_run_3_us
0,BitLengthLargeUtf8,0.02875,0.5361,18.64695652173913,18.831304347826087,0.02875,0.028390000000000002,0.02891,0.5414,0.5361,0.531
0,BitLengthUtf8,0.029230000000000003,0.531,18.16626753335614,18.340745809100238,0.02989,0.02823,0.029230000000000003,0.531,0.5257000000000001,0.5361
0,BitLengthView,0.03068,0.531,17.30769230769231,17.387033398821217,0.03054,0.03068,0.0307,0.531,0.531,0.5414
0,BitwiseAnd,0.09939,0.6091000000000001,6.128383137136534,6.143999999999999,0.09939,0.09611,0.1,0.6091000000000001,0.6038,0.6144
0,BitwiseAndNot,0.09939,0.6091000000000001,6.128383137136534,6.128383137136534,0.09939,0.09805,0.1006,0.6091000000000001,0.6038,0.6142000000000001
0,BitwiseNot,0.02305,0.5024,21.796095444685463,21.948449104412404,0.02289,0.02384,0.02305,0.5024,0.49710000000000004,0.5101
0,BitwiseOr,0.1006,0.6144,6.107355864811133,6.166831194471866,0.1013,0.09675,0.1006,0.6247,0.6091000000000001,0.6144
0,BitwiseXor,0.1,0.6195,6.195,6.209741550695826,0.1,0.09611,0.1006,0.6195,0.604,0.6247
0,ByteLengthLargeUtf8,0.02823,0.531,18.809776833156217,18.809776833156217,0.029079999999999998,0.02823,0.028100000000000003,0.5415,0.531,0.531
0,ByteLengthUtf8,0.02842,0.531,18.68402533427164,18.89679715302491,0.02842,0.02856,0.028100000000000003,0.5414,0.531,0.531
0,ByteLengthView,0.0307,0.5362,17.465798045602604,17.462540716612377,0.0307,0.03002,0.031030000000000002,0.5361,0.5415,0.5362
0,CheckedNegate,0.031030000000000002,0.4997,16.103770544634223,16.20273794002608,0.031030000000000002,0.03068,0.03135,0.505,0.49710000000000004,0.4997
0,CheckedSub,0.1072,0.6091000000000001,5.681902985074627,5.681902985074627,0.1091,0.1026,0.1072,0.6196,0.6091000000000001,0.6091000000000001
0,CheckedSubNullable,0.1065,0.6144,5.769014084507042,5.816901408450705,0.1065,0.1026,0.1065,0.6195,0.604,0.6144
0,Equal,0.047630000000000006,0.5935,12.46063405416754,12.567709426831827,0.047630000000000006,0.046950000000000006,0.047630000000000006,0.5935,0.5935,0.5986
0,FloatAdd,0.10590000000000001,0.6142000000000001,5.799811142587346,5.80169971671388,0.10590000000000001,0.1013,0.1065,0.6144,0.6091000000000001,0.6142000000000001
0,FloatDivide,0.1052,0.6091000000000001,5.789923954372624,5.888783269961977,0.1052,0.1013,0.1065,0.6195,0.6091000000000001,0.6091000000000001
0,FloatEqual,0.04698,0.6039,12.854406130268199,12.837229251554792,0.047950000000000007,0.046630000000000005,0.04698,0.6039,0.5986,0.604
0,FloatGreaterThan,0.04698,0.6144,13.077905491698594,13.077905491698594,0.047310000000000005,0.046950000000000006,0.04698,0.6299,0.5935,0.6144
0,FloatGreaterThanOrEqual,0.047310000000000005,0.6091000000000001,12.874656520820123,12.751863684771031,0.05186,0.046950000000000006,0.047310000000000005,0.6195,0.5987,0.6091000000000001
0,FloatLessThan,0.047299999999999995,0.6039,12.767441860465118,12.749733759318422,0.05219,0.046950000000000006,0.047299999999999995,0.6039,0.5986,0.6091000000000001
0,FloatLessThanOrEqual,0.047299999999999995,0.5987,12.657505285412263,12.665538396445948,0.05154,0.047270000000000006,0.047299999999999995,0.5987,0.5987,0.6039
0,FloatMultiply,0.1065,0.6091000000000001,5.71924882629108,5.71924882629108,0.1091,0.1013,0.1065,0.6144,0.6091000000000001,0.6091000000000001
0,FloatNegate,0.02485,0.505,20.321931589537222,20.527162977867203,0.02485,0.024980000000000002,0.02452,0.5101,0.4997,0.505
0,FloatNotEqual,0.047299999999999995,0.6142000000000001,12.985200845665965,12.985200845665965,0.047630000000000006,0.046950000000000006,0.047299999999999995,0.6299,0.604,0.6142000000000001
0,FloatRemainder,0.10590000000000001,0.6144,5.80169971671388,5.84985835694051,0.10590000000000001,0.1026,0.1072,0.6195,0.6091000000000001,0.6144
0,FloatSubtract,0.10590000000000001,0.6091000000000001,5.751652502360718,5.84985835694051,0.10590000000000001,0.1026,0.1065,0.6195,0.6091000000000001,0.6091000000000001
0,GreaterThan,0.047270000000000006,0.604,12.777660249629784,12.596454640250258,0.04697,0.047270000000000006,0.047950000000000007,0.6091000000000001,0.5935,0.604
0,GreaterThanOrEqual,0.047270000000000006,0.6091000000000001,12.885551089485931,12.70281543274244,0.04697,0.047270000000000006,0.047950000000000007,0.6091000000000001,0.5986,0.6091000000000001
0,ILikeComplexScalar,39.74,0.6404,0.016114745848012077,0.016114745848012077,39.74,39.7,39.91,0.6404,0.6352000000000001,0.6612
0,LessThan,0.047299999999999995,0.6091000000000001,12.877378435517974,12.788158723493597,0.047299999999999995,0.046950000000000006,0.047630000000000006,0.6247,0.5935,0.6091000000000001
0,LessThanOrEqual,0.047270000000000006,0.6091000000000001,12.885551089485931,12.965091528309921,0.04698,0.047270000000000006,0.047299999999999995,0.6091000000000001,0.6038,0.6142000000000001
0,LikeAlternatingArray,0.1585,0.6507000000000001,4.1053627760252365,4.073186119873817,0.15730000000000002,0.1585,0.16640000000000002,0.6507000000000001,0.6456000000000001,0.6716000000000001
0,LikeComplexArray,0.1585,0.6507000000000001,4.1053627760252365,4.136681500317864,0.15730000000000002,0.1585,0.16640000000000002,0.6507000000000001,0.6456000000000001,0.7029
0,LikeLiteralScalar,0.05706000000000001,0.6456000000000001,11.31440588853838,11.318373071528752,0.05707,0.05704,0.05706000000000001,0.6456000000000001,0.6456000000000001,0.6767000000000001
0,LikeLiteralScalarDense,0.05577000000000001,0.6507000000000001,11.667563206024743,11.671149363457054,0.05577000000000001,0.05639,0.055119999999999995,0.6509,0.6456000000000001,0.6507000000000001
0,LikeLiteralViaPredicate,0.05088,0.6455,12.686713836477987,12.686713836477987,0.05088,0.05151,0.05088,0.6455,0.6403,0.6664
0,LikeLiteralViaPredicateDense,0.04894,0.6404,13.08541070698815,13.08541070698815,0.04894,0.05118,0.04893,0.6404,0.6403,0.6404
0,NotEqual,0.047950000000000007,0.6039,12.594369134515118,12.77072758037225,0.047950000000000007,0.04728,0.047950000000000007,0.6195,0.6038,0.6039
0,NotILikeScalar,0.0613,0.6456000000000001,10.531810766721046,10.588814170903724,0.06097,0.061590000000000006,0.0613,0.6456000000000001,0.6403,0.6716000000000001
0,NotLikeScalar,0.057710000000000004,0.6716000000000001,11.637497833997575,11.635481635481637,0.05772,0.0577,0.057710000000000004,0.6716000000000001,0.656,0.6924
0,RegexpAlternatingArray,0.09545000000000001,0.6507000000000001,6.817181770560503,6.861752609933566,0.09483,0.09545000000000001,0.09613,0.6507000000000001,0.6455,0.6664
0,RegexpArray,0.09484000000000001,0.6456000000000001,6.807254323070435,6.8553525913339,0.09484000000000001,0.09416,0.09613,0.6456000000000001,0.6455,0.6612
0,RegexpScalar,19.54,0.6456000000000001,0.033039918116683734,0.033039918116683734,19.54,19.41,19.54,0.6456000000000001,0.6403,0.6664
0,Remainder,0.10779999999999999,0.6143,5.698515769944342,5.794990723562153,0.10779999999999999,0.1026,0.10779999999999999,0.6247,0.6143,0.6091000000000001
0,ShiftLeft,0.09939,0.6195,6.233021430727438,6.2340275681658115,0.09939,0.09611,0.1006,0.6196,0.6143,0.6195
0,ShiftRight,0.09939,0.6142000000000001,6.179696146493612,6.233021430727438,0.09939,0.09613,0.1,0.6195,0.6038,0.6142000000000001
0,StringEqualLargeUtf8,0.05023,0.63,12.542305395182163,12.622720897615709,0.05023,0.05085,0.049909999999999996,0.6507000000000001,0.6195,0.63
0,StringEqualUtf8,0.049909999999999996,0.6247,12.516529753556403,12.516529753556403,0.049909999999999996,0.0502,0.049909999999999996,0.6455,0.6195,0.6247
0,StringEqualViewLong,0.050530000000000005,0.6665,13.190184049079752,13.182357594936708,0.05056,0.050530000000000005,0.05023,0.6665,0.6507000000000001,0.6872
0,StringEqualViewShort,0.05023,0.6716000000000001,13.370495719689432,13.370495719689432,0.05023,0.05086,0.05023,0.6716000000000001,0.6403,0.6924
0,StringGreaterThanOrEqualView,0.05024,0.6664,13.264331210191083,13.180379746835444,0.05056,0.0502,0.05024,0.6664,0.656,0.6872
0,StringGreaterThanView,0.05023,0.6509,12.958391399562016,12.860557768924304,0.05023,0.0502,0.05088,0.656,0.6456000000000001,0.6509
0,StringLessThanOrEqualView,0.0502,0.6767000000000001,13.480079681274901,13.2999213836478,0.049909999999999996,0.0502,0.05088,0.6769,0.656,0.6767000000000001
0,StringLessThanView,0.04988,0.6509,13.049318364073777,13.11462604959969,0.04958,0.04988,0.05121,0.6509,0.6403,0.6716000000000001
0,StringLessThanViewScalar,0.05346,0.656,12.27085671530116,12.311102900424903,0.05317,0.05346,0.054130000000000005,0.656,0.6403,0.6664
0,StringNotEqualView,0.050530000000000005,0.6507000000000001,12.877498515733228,13.013083382151924,0.049909999999999996,0.050530000000000005,0.05121,0.6507000000000001,0.6403,0.6664
0,SubstringCharsUtf8,0.08047,0.5778,7.180315645582204,7.1898300941205235,0.08181000000000001,0.08047,0.07856,0.5882000000000001,0.5778,0.5727000000000001
0,SubstringUtf8,0.06875,0.5675,8.254545454545454,8.321094312455003,0.06945,0.06875,0.06684000000000001,0.5779,0.5622,0.5675
0,WrappingMultiply,0.1072,0.6144,5.731343283582089,5.7789179104477615,0.1072,0.1026,0.1072,0.6195,0.6091000000000001,0.6144
0,WrappingNegate,0.02354,0.505,21.452846219201362,21.452846219201362,0.023870000000000002,0.023030000000000002,0.02354,0.505,0.4997,0.505
0,WrappingSub,0.1052,0.6091000000000001,5.789923954372624,5.93664717348928,0.1052,0.1026,0.1072,0.6299,0.6091000000000001,0.6091000000000001
64,BitLengthLargeUtf8,0.05837,0.5935,10.167894466335447,10.077094397807095,0.08278,0.05769,0.05837,0.5987,0.5935,0.5882000000000001
64,BitLengthUtf8,0.03917,0.5831000000000001,14.886392647434262,15.016594332397244,0.04015,0.03816,0.03917,0.5831000000000001,0.5831000000000001,0.5882000000000001
64,BitLengthView,0.04467,0.5882000000000001,13.167674054175063,13.167674054175063,0.04404,0.04467,0.04535,0.583,0.5882000000000001,0.5882000000000001
64,BitwiseAnd,0.04601,0.6403,13.91653988263421,13.918713323190609,0.04601,0.04533,0.04698,0.6404,0.6403,0.6299
64,BitwiseAndNot,0.04665,0.6352000000000001,13.61629153269025,13.61629153269025,0.04665,0.045649999999999996,0.04729,0.6352000000000001,0.6403,0.6351
64,BitwiseNot,0.03623,0.531,14.656362130830805,14.652317880794703,0.03624,0.03588,0.03623,0.531,0.5257000000000001,0.5362
64,BitwiseOr,0.046329999999999996,0.6352000000000001,13.710338873300241,13.800657174151151,0.046329999999999996,0.045649999999999996,0.04665,0.6455,0.63,0.6352000000000001
64,BitwiseXor,0.046,0.6404,13.921739130434782,13.822577163824736,0.046329999999999996,0.04598,0.046,0.6404,0.6352000000000001,0.6455
64,ByteLengthLargeUtf8,0.04209,0.5882000000000001,13.97481587075315,14.100736516987407,0.04209,0.041409999999999995,0.042100000000000005,0.5935,0.5882000000000001,0.5831000000000001
64,ByteLengthUtf8,0.038520000000000006,0.5884,15.275181723779854,15.285862785862788,0.03917,0.03848,0.038520000000000006,0.6039,0.5882000000000001,0.5884
64,ByteLengthView,0.04337,0.5882000000000001,13.562370302052111,13.453796889295518,0.04308,0.04337,0.04372,0.5987,0.5831000000000001,0.5882000000000001
64,CheckedNegate,0.06359000000000001,0.5361,8.4305708444724,8.346567024754787,0.06359000000000001,0.06355,0.06423000000000001,0.5362,0.5257999999999999,0.5361
64,CheckedSub,0.0831,0.6404,7.706377858002407,7.766860747210092,0.08312,0.08244,0.0831,0.6456000000000001,0.6403,0.6404
64,CheckedSubNullable,0.09873000000000001,0.656,6.64438367264256,6.680012319063752,0.09873000000000001,0.09741,0.09938,0.6611,0.6507000000000001,0.656
64,Equal,0.07009,0.6196,8.840062776430305,8.912826366100727,0.07009,0.06941,0.07009,0.6247,0.6195,0.6196
64,FloatAdd,0.05447,0.6456000000000001,11.852395814209657,12.002230897936421,0.05447,0.05379,0.05511,0.6612,0.6456000000000001,0.6404
64,FloatDivide,0.05444,0.6456000000000001,11.858927259368112,11.858927259368112,0.05414,0.05444,0.05446,0.6612,0.6456000000000001,0.6455
64,FloatEqual,0.07268000000000001,0.6247,8.595211887727022,8.596394660795378,0.07334,0.07267,0.07268000000000001,0.6247,0.6247,0.63
64,FloatGreaterThan,0.07595,0.6404,8.431863067807768,8.431863067807768,0.07661,0.07592,0.07595,0.6507000000000001,0.6247,0.6404
64,FloatGreaterThanOrEqual,0.07595,0.6351,8.362080315997366,8.362080315997366,0.07595,0.07592,0.07595,0.6351,0.6351,0.6351
64,FloatLessThan,0.07595,0.6351,8.362080315997366,8.362080315997366,0.07595,0.07592,0.07595,0.6351,0.6247,0.6351
64,FloatLessThanOrEqual,0.07595,0.63,8.294930875576037,8.369868473495416,0.07595,0.07527,0.07595,0.6509,0.63,0.63
64,FloatMultiply,0.05446,0.6507000000000001,11.948218876239443,11.952608376193975,0.05479,0.05444,0.05446,0.6612,0.6507000000000001,0.6404
64,FloatNegate,0.03819,0.5415,14.17910447761194,14.304968287526425,0.03819,0.037840000000000006,0.038840000000000006,0.5519,0.5413,0.5415
64,FloatNotEqual,0.07267,0.6352000000000001,8.7408834457135,8.817323709050529,0.07334,0.07267,0.07204,0.6509,0.63,0.6352000000000001
64,FloatRemainder,0.2419,0.8382000000000001,3.465068210004134,3.465068210004134,0.2419,0.2406,0.2419,0.8331000000000001,0.8382000000000001,0.8382000000000001
64,FloatSubtract,0.05446,0.6507000000000001,11.948218876239443,11.807294501905282,0.05511,0.05444,0.05446,0.6507000000000001,0.6507000000000001,0.6404
64,GreaterThan,0.07009,0.6196,8.840062776430305,8.850309753637804,0.07009,0.06941,0.07009,0.6196,0.6143,0.6351
64,GreaterThanOrEqual,0.07009,0.6247,8.912826366100727,8.829681978798586,0.07075000000000001,0.06942000000000001,0.07009,0.6247,0.6091000000000001,0.63
64,ILikeComplexScalar,45.12,46.45,1.02947695035461,1.0296941281536056,45.37,45.12,44.79,46.45,46.52,46.12
64,LessThan,0.07073,0.6195,8.758659691785665,8.829681978798586,0.07075000000000001,0.07006,0.07073,0.6247,0.6195,0.6195
64,LessThanOrEqual,0.07009,0.6247,8.912826366100727,8.912826366100727,0.07075000000000001,0.07006,0.07009,0.6404,0.6196,0.6247
64,LikeAlternatingArray,396.1,21.45,0.05415299166877051,0.054303797468354426,397.1,395.0,396.1,21.83,21.45,21.37
64,LikeComplexArray,21.58,23.16,1.0732159406858204,1.0597775718257647,22.29,21.54,21.58,23.29,23.16,22.87
64,LikeLiteralScalar,0.1443,1.098,7.609147609147609,7.609147609147609,0.1443,0.14300000000000002,0.1443,1.098,1.083,1.135
64,LikeLiteralScalarDense,0.1495,1.051,7.030100334448161,7.030100334448161,0.1495,0.1495,0.15080000000000002,1.051,1.041,1.083
64,LikeLiteralViaPredicate,0.1403,0.7497,5.343549536707056,5.306486101211689,0.1378,0.1403,0.15209999999999999,0.7497,0.7445,0.781
64,LikeLiteralViaPredicateDense,0.1443,0.7392000000000001,5.122661122661123,5.087318087318088,0.1443,0.1429,0.1469,0.7341000000000001,0.7445,0.7392000000000001
64,NotEqual,0.07009,0.6196,8.840062776430305,8.850309753637804,0.07009,0.06941,0.07074,0.6404,0.6143,0.6196
64,NotILikeScalar,44.04,43.99,0.9988646684831971,1.0,43.95,44.04,44.04,43.99,43.66,44.04
64,NotLikeScalar,0.21580000000000002,1.093,5.064874884151992,5.1034172661870505,0.212,0.21580000000000002,0.22240000000000001,1.093,1.083,1.135
64,RegexpAlternatingArray,47.7,47.54,0.9966457023060796,1.0027420375448217,47.91,47.41,47.7,48.54,47.54,47.41
64,RegexpArray,26.66,26.99,1.012378094523631,1.018875047187618,26.79,26.66,26.49,27.37,26.87,26.99
64,RegexpScalar,24.2,25.83,1.0673553719008264,1.0691225165562914,24.41,24.2,24.16,26.12,25.41,25.83
64,Remainder,0.07790000000000001,0.656,8.421052631578947,8.495208495208496,0.07790000000000001,0.07722,0.07856,0.6716000000000001,0.656,0.6456000000000001
64,ShiftLeft,0.04535,0.6352000000000001,14.00661521499449,13.901147396293029,0.04535,0.04532,0.046,0.6611,0.63,0.6352000000000001
64,ShiftRight,0.04531,0.6351,14.016773339218714,14.004410143329658,0.04503,0.04531,0.04535,0.6404,0.6247,0.6351
64,StringEqualLargeUtf8,0.1846,0.9475,5.132719393282774,5.056192034915439,0.1925,0.18330000000000002,0.1846,0.9685,0.9268,0.9475
64,StringEqualUtf8,0.1911,0.9372,4.904238618524333,4.8561507936507935,0.2016,0.18980000000000002,0.1911,0.979,0.9372,0.9216000000000001
64,StringEqualViewLong,0.2328,0.9632000000000001,4.13745704467354,4.004156275976725,0.2406,0.2276,0.2328,0.9634,0.9007999999999999,0.9632000000000001
64,StringEqualViewShort,0.15990000000000001,0.932,5.828642901813633,5.828642901813633,0.15990000000000001,0.156,0.15990000000000001,0.932,0.8591000000000001,0.9372
64,StringGreaterThanOrEqualView,0.22240000000000001,1.01,4.54136690647482,4.5568862275449105,0.22240000000000001,0.2171,0.225,1.031,0.9893,1.01
64,StringGreaterThanView,0.22369999999999998,0.9997,4.468931604827895,4.4858730893932375,0.22369999999999998,0.2159,0.225,1.01,0.9685,0.9997
64,StringLessThanOrEqualView,0.22240000000000001,1.01,4.54136690647482,4.606299212598425,0.22369999999999998,0.2159,0.22240000000000001,1.031,0.9945,1.01
64,StringLessThanView,0.2185,1.01,4.622425629290618,4.568068747173225,0.2211,0.2159,0.2185,1.01,0.9841000000000001,1.031
64,StringLessThanViewScalar,0.14300000000000002,0.906,6.335664335664335,6.335664335664335,0.14300000000000002,0.1429,0.1469,0.906,0.8747,0.932
64,StringNotEqualView,0.21330000000000002,0.8799,4.125175808720113,4.15626511852927,0.21330000000000002,0.2067,0.2185,0.8799,0.8591000000000001,0.9216000000000001
64,SubstringCharsUtf8,0.505,1.072,2.122772277227723,2.122772277227723,0.5336000000000001,0.4763,0.505,1.104,1.072,1.072
64,SubstringUtf8,0.4945,1.031,2.0849342770475228,2.1051567239635993,0.4945,0.4945,0.4894,1.041,1.01,1.031
64,WrappingMultiply,0.06228,0.6507000000000001,10.447976878612717,10.42262472195742,0.06294,0.061590000000000006,0.06228,0.656,0.6507000000000001,0.6404
64,WrappingNegate,0.03656,0.531,14.524070021881839,14.535104364326376,0.03689,0.03556,0.03656,0.5362,0.531,0.531
64,WrappingSub,0.05219,0.6351,12.168997892316536,12.253521126760564,0.05219,0.05183,0.05251,0.6456000000000001,0.6351,0.63
1024,BitLengthLargeUtf8,0.32,1.124,3.5125,3.5125,0.3175,0.32,0.32,1.135,1.104,1.124
1024,BitLengthUtf8,0.09484000000000001,1.005,10.596794601433992,10.556422256890274,0.09615000000000001,0.09481,0.09484000000000001,1.015,1.005,0.9477000000000001
1024,BitLengthView,0.1352,0.9267000000000001,6.854289940828403,6.854289940828403,0.1351,0.1455,0.1352,0.932,0.9007000000000001,0.9267000000000001
1024,BitwiseAnd,0.16640000000000002,0.7394,4.443509615384614,4.443509615384614,0.16119999999999998,0.16640000000000002,0.16640000000000002,0.7602000000000001,0.7341000000000001,0.7394
1024,BitwiseAndNot,0.156,0.7341000000000001,4.705769230769231,4.705769230769231,0.1638,0.156,0.156,0.7602000000000001,0.7341000000000001,0.7341000000000001
1024,BitwiseNot,0.11950000000000001,0.6196,5.184937238493724,5.300256629597947,0.11950000000000001,0.12990000000000002,0.1169,0.6404,0.604,0.6196
1024,BitwiseOr,0.1638,0.7549,4.608669108669109,4.672771672771672,0.1638,0.15080000000000002,0.1638,0.7654,0.7497,0.7549
1024,BitwiseXor,0.16640000000000002,0.7497,4.505408653846153,4.545177045177045,0.16640000000000002,0.1638,0.16640000000000002,0.7706000000000001,0.7445,0.7497
1024,ByteLengthLargeUtf8,0.1325,0.979,7.388679245283019,7.388679245283019,0.13,0.1325,0.1325,0.9997,0.979,0.9736
1024,ByteLengthUtf8,0.08569,0.9216000000000001,10.755047263391296,10.755047263391296,0.08309000000000001,0.08569,0.08571,0.9476,0.9216000000000001,0.9216000000000001
1024,ByteLengthView,0.1351,0.8747,6.474463360473724,6.436713545521836,0.1443,0.1325,0.1351,0.8747,0.9165,0.8696
1024,CheckedNegate,0.4502,0.6247,1.3876055086628167,1.3876055086628167,0.44760000000000005,0.4502,0.4502,0.6351,0.6196,0.6247
1024,CheckedSub,0.5727000000000001,0.8382000000000001,1.4635935044525927,1.4635935044525927,0.5779,0.5727000000000001,0.5727000000000001,0.8539,0.8382000000000001,0.8382000000000001
1024,CheckedSubNullable,0.6925,0.8591000000000001,1.24057761732852,1.24057761732852,0.6976,0.6925,0.6925,0.8696,0.8486,0.8591000000000001
1024,Equal,0.1781,0.7185,4.034250421111735,4.005053340819764,0.1781,0.1781,0.1794,0.7289,0.7132999999999999,0.7185
1024,FloatAdd,0.1781,0.7653,4.297024143739472,4.297024143739472,0.1781,0.1781,0.1781,0.7706000000000001,0.7653,0.7497
1024,FloatDivide,0.19240000000000002,0.7861,4.085758835758836,4.058337635518844,0.19240000000000002,0.19369999999999998,0.1899,0.7914,0.7861,0.7706000000000001
1024,FloatEqual,0.18330000000000002,0.729,3.977086743044189,4.0054945054945055,0.18330000000000002,0.182,0.1846,0.7392000000000001,0.729,0.7237
1024,FloatGreaterThan,0.3487,0.906,2.5982219673071407,2.5982219673071407,0.3487,0.3487,0.3487,0.9267000000000001,0.8851,0.906
1024,FloatGreaterThanOrEqual,0.3487,0.8955000000000001,2.568110123315171,2.568110123315171,0.3487,0.3487,0.3487,0.9164,0.8852000000000001,0.8955000000000001
1024,FloatLessThan,0.3513,0.8956000000000001,2.5493879874750927,2.5493879874750927,0.3513,0.3486,0.3513,0.8956000000000001,0.8903,0.8956000000000001
1024,FloatLessThanOrEqual,0.3487,0.8904,2.5534843705190706,2.5534843705190706,0.3513,0.3487,0.3487,0.9007000000000001,0.8903,0.8904
1024,FloatMultiply,0.1781,0.7602000000000001,4.268388545760809,4.297585626052779,0.1781,0.1767,0.1781,0.7654,0.7602000000000001,0.7601
1024,FloatNegate,0.1325,0.6247,4.714716981132075,4.714716981132075,0.1196,0.1338,0.1325,0.6247,0.6247,0.6247
1024,FloatNotEqual,0.18330000000000002,0.7547999999999999,4.117839607201309,4.117839607201309,0.18330000000000002,0.18330000000000002,0.18330000000000002,0.781,0.7547999999999999,0.7497
1024,FloatRemainder,4.79,5.458,1.1394572025052192,1.1394572025052192,4.749,4.791,4.79,5.499,5.458,5.458
1024,FloatSubtract,0.1768,0.7601,4.2992081447963795,4.2992081447963795,0.1768,0.1768,0.1807,0.7706000000000001,0.7601,0.7497
1024,GreaterThan,0.1781,0.7341000000000001,4.121841661987648,4.121841661987648,0.1781,0.1781,0.1781,0.7445,0.7185,0.7341000000000001
1024,GreaterThanOrEqual,0.1794,0.7341000000000001,4.091973244147158,4.093206064008983,0.1794,0.1781,0.1794,0.7445,0.729,0.7341000000000001
1024,ILikeComplexScalar,65.29,73.68,1.1285035993260837,1.1484177215189872,65.29,67.41,63.2,80.83,73.68,72.58
1024,LessThan,0.1794,0.7289,4.06298773690078,4.06298773690078,0.1794,0.1781,0.1794,0.7341000000000001,0.7236,0.7289
1024,LessThanOrEqual,0.1794,0.7289,4.06298773690078,4.063447501403705,0.1794,0.1781,0.1794,0.7446,0.7237,0.7289
1024,LikeAlternatingArray,6093.0,48.74,0.007999343508944691,0.008000983123054235,6103.0,6053.0,6093.0,48.83,48.74,48.54
1024,LikeComplexArray,39.24,54.66,1.392966360856269,1.389344262295082,40.41,39.24,39.04,55.33,54.66,54.24
1024,LikeLiteralScalar,1.218,5.916,4.857142857142858,4.925287356321839,1.114,1.291,1.218,5.916,5.916,5.999
1024,LikeLiteralScalarDense,1.104,5.874,5.320652173913043,5.283514492753623,1.093,1.104,1.114,5.874,5.833,5.874
1024,LikeLiteralViaPredicate,1.135,2.041,1.798237885462555,1.7655709342560555,1.156,1.114,1.135,2.041,1.833,2.082
1024,LikeLiteralViaPredicateDense,1.093,2.083,1.9057639524245198,1.8698384201077198,1.093,1.093,1.114,2.103,1.874,2.083
1024,NotEqual,0.1781,0.7445,4.180235822571589,4.150477259966311,0.1781,0.1781,0.1794,0.7654,0.7392000000000001,0.7445
1024,NotILikeScalar,52.41,49.99,0.9538256058004199,0.9538256058004199,55.91,51.62,52.41,49.95,50.27,49.99
1024,NotLikeScalar,2.582,5.999,2.323392718822618,2.323392718822618,2.499,2.582,2.582,6.04,5.999,5.999
1024,RegexpAlternatingArray,89.99,84.91,0.9435492832536949,0.9642182464718302,89.99,90.99,87.62,86.77,84.66,84.91
1024,RegexpArray,69.16,63.16,0.9132446500867554,0.9126662810873337,69.16,69.29,64.08,63.12,63.16,63.29
1024,RegexpScalar,34.91,48.79,1.3975938126611287,1.3915783443139502,35.95,34.91,34.7,48.79,48.58,48.83
1024,Remainder,0.5935,1.166,1.9646166807076662,1.9823189391363478,0.5935,0.5882000000000001,0.5935,1.208,1.166,1.156
1024,ShiftLeft,0.1703,0.7497,4.40223135642983,4.505408653846153,0.1703,0.16640000000000002,0.1729,0.7861,0.7497,0.7445
1024,ShiftRight,0.17550000000000002,0.7446,4.242735042735043,4.390883190883191,0.17550000000000002,0.1665,0.1781,0.7706000000000001,0.7446,0.7445
1024,StringEqualLargeUtf8,1.083,3.999,3.6925207756232687,3.7303785780240077,1.083,1.124,1.072,4.04,3.957,3.999
1024,StringEqualUtf8,1.229,4.04,3.2872253864930836,3.2872253864930836,1.229,1.239,1.229,4.04,4.082,3.687
1024,StringEqualViewLong,1.718,3.228,1.8789289871944121,1.8789289871944121,1.718,1.729,1.718,3.228,3.228,3.228
1024,StringEqualViewShort,0.4737,2.979,6.288790373654211,6.224119530416221,0.4789,0.4685,0.4737,2.979,2.916,2.979
1024,StringGreaterThanOrEqualView,1.447,4.374,3.0228058051140287,3.0228058051140287,1.447,1.447,1.437,4.291,4.374,4.416
1024,StringGreaterThanView,1.447,4.374,3.0228058051140287,3.0,1.447,1.458,1.447,4.291,4.374,4.374
1024,StringLessThanOrEqualView,1.447,4.458,3.080856945404285,3.080856945404285,1.447,1.458,1.447,4.457,4.499,4.458
1024,StringLessThanView,1.447,4.333,2.9944713199723565,2.9944713199723565,1.447,1.458,1.447,4.333,4.416,4.332
1024,StringLessThanViewScalar,1.218,4.124,3.385878489326765,3.385878489326765,1.197,1.218,1.218,4.082,4.124,4.124
1024,StringNotEqualView,1.333,2.624,1.968492123030758,1.953857791225416,1.343,1.322,1.333,2.624,2.583,2.687
1024,SubstringCharsUtf8,6.208,7.791,1.2549935567010309,1.248228092783505,6.332,6.208,6.083,7.791,7.749,7.832
1024,SubstringUtf8,6.041,6.457,1.0688627710643932,1.0690283065717596,6.041,6.166,5.791,6.458,6.374,6.457
1024,WrappingMultiply,0.2602,0.9737000000000001,3.742121445042276,3.805481537875904,0.2627,0.255,0.2602,0.9997,0.9737000000000001,0.9165
1024,WrappingNegate,0.13130000000000003,0.6144,4.679360243716678,4.679360243716678,0.12990000000000002,0.1325,0.13130000000000003,0.6196,0.6142000000000001,0.6144
1024,WrappingSub,0.1729,0.755,4.366685945633314,4.396761133603239,0.1729,0.16640000000000002,0.1729,0.7602000000000001,0.7445,0.755
16384,BitLengthLargeUtf8,4.749,9.166,1.9300905453779744,1.9300905453779744,4.749,4.749,4.749,9.166,9.165,9.207
16384,BitLengthUtf8,0.9892000000000001,7.582,7.664779619894864,7.623331985442782,0.9997,0.9892000000000001,0.9477000000000001,7.582,7.541,7.582
16384,BitLengthView,2.791,6.124,2.194195628806879,2.164457183805088,2.791,2.854,2.791,6.041,6.124,6.207
16384,BitwiseAnd,3.499,4.416,1.2620748785367248,1.2620748785367248,3.499,3.541,3.499,4.416,4.416,4.457
16384,BitwiseAndNot,3.52,4.457,1.2661931818181817,1.2661931818181817,3.52,3.395,3.541,4.457,4.416,4.457
16384,BitwiseNot,1.593,3.208,2.0138104205900818,2.0138104205900818,1.593,1.593,1.593,3.208,3.187,3.228
16384,BitwiseOr,3.499,4.457,1.2737925121463274,1.2737925121463274,3.499,3.478,3.499,4.457,4.416,4.499
16384,BitwiseXor,3.52,4.416,1.2545454545454546,1.2545454545454546,3.541,3.52,3.52,4.457,4.416,4.416
16384,ByteLengthLargeUtf8,1.562,7.249,4.640845070422535,4.640845070422535,1.582,1.52,1.562,7.29,7.249,7.249
16384,ByteLengthUtf8,0.755,6.041,8.001324503311258,8.001324503311258,0.7861,0.7132000000000001,0.755,6.124,6.04,6.041
16384,ByteLengthView,2.812,5.916,2.1038406827880514,2.1038406827880514,2.812,2.833,2.812,5.958,5.916,5.916
16384,CheckedNegate,15.37,3.207,0.20865322055953156,0.20865322055953156,20.49,14.99,15.37,3.208,3.187,3.207
16384,CheckedSub,9.791,4.249,0.4339699724236543,0.4339699724236543,9.791,9.791,9.791,4.29,4.249,4.249
16384,CheckedSubNullable,10.16,4.249,0.41820866141732277,0.41820866141732277,9.999,10.16,10.29,4.249,4.249,4.249
16384,Equal,2.791,3.228,1.1565747044070227,1.1565747044070227,2.791,2.791,2.791,3.228,3.228,3.229
16384,FloatAdd,3.458,4.458,1.2891844997108155,1.2891844997108155,3.416,3.52,3.458,4.457,4.499,4.458
16384,FloatDivide,3.458,4.457,1.2888953152111047,1.2891844997108155,3.416,3.458,3.582,4.457,4.458,4.457
16384,FloatEqual,2.791,3.229,1.1569329989251165,1.1569329989251165,2.812,2.791,2.77,3.249,3.229,3.228
16384,FloatGreaterThan,4.832,5.124,1.060430463576159,1.060430463576159,4.832,4.832,4.832,5.124,5.124,5.166
16384,FloatGreaterThanOrEqual,4.832,5.124,1.060430463576159,1.0689155629139073,4.791,4.832,4.832,5.124,5.124,5.165
16384,FloatLessThan,4.832,5.124,1.060430463576159,1.060430463576159,4.832,4.832,4.832,5.165,5.124,5.124
16384,FloatLessThanOrEqual,4.832,5.165,1.0689155629139073,1.0689155629139073,4.832,4.832,4.832,5.165,5.124,5.165
16384,FloatMultiply,3.541,4.457,1.2586839875741316,1.2589663936741033,3.541,3.562,3.437,4.458,4.457,4.415
16384,FloatNegate,1.614,3.208,1.9876084262701363,2.0,1.614,1.624,1.593,3.228,3.208,3.207
16384,FloatNotEqual,2.832,3.27,1.1546610169491527,1.1616660783621602,2.833,2.832,2.812,3.291,3.228,3.27
16384,FloatRemainder,78.91,80.37,1.0185020909897353,1.0185020909897353,77.12,79.62,78.91,80.37,80.24,80.37
16384,FloatSubtract,3.437,4.457,1.2967704393366308,1.2927400468384076,3.437,3.583,3.416,4.457,4.458,4.416
16384,GreaterThan,2.791,3.228,1.1565747044070227,1.1565747044070227,2.791,2.832,2.791,3.249,3.228,3.228
16384,GreaterThanOrEqual,2.812,3.229,1.1482930298719773,1.1482930298719773,2.832,2.77,2.812,3.249,3.228,3.229
16384,ILikeComplexScalar,388.8,583.3,1.5002572016460904,1.2260852484777058,509.1,388.8,383.8,624.2,461.3,583.3
16384,LessThan,2.812,3.228,1.147937411095306,1.147937411095306,2.854,2.812,2.812,3.228,3.228,3.27
16384,LessThanOrEqual,2.812,3.208,1.1408250355618779,1.1408250355618779,2.853,2.812,2.791,3.208,3.208,3.228
16384,LikeAlternatingArray,97130.0,467.4,0.004812107484814167,0.004803962030540653,97130.0,96920.0,98200.0,467.4,465.6,471.1
16384,LikeComplexArray,315.4,550.5,1.745402663284718,1.7406467977171847,315.4,315.2,317.9,549.0,551.9,550.5
16384,LikeLiteralScalar,16.62,83.41,5.018652226233453,5.0620060790273556,16.45,16.62,17.29,83.27,84.33,83.41
16384,LikeLiteralScalarDense,16.16,82.45,5.10210396039604,5.097153465346535,16.33,16.16,16.12,82.45,82.37,83.74
16384,LikeLiteralViaPredicate,16.62,21.24,1.2779783393501802,1.2779783393501802,16.62,16.62,17.29,19.04,21.24,22.83
16384,LikeLiteralViaPredicateDense,16.16,21.2,1.311881188118812,1.308641975308642,16.2,16.16,16.16,21.2,23.16,19.95
16384,NotEqual,2.832,3.249,1.1472457627118644,1.1472457627118644,2.812,2.833,2.832,3.249,3.249,3.249
16384,NotILikeScalar,181.9,149.6,0.822429906542056,0.8237885462555066,181.9,182.5,181.6,151.5,145.6,149.6
16384,NotLikeScalar,37.95,87.12,2.2956521739130435,2.2914599112039697,37.83,38.29,37.95,87.12,87.74,82.58
16384,RegexpAlternatingArray,738.4,674.2,0.9130552546045505,0.9191495124593717,748.8,725.6,738.4,674.2,671.2,678.7
16384,RegexpArray,679.5,640.9,0.9431935246504782,0.9395143487858719,742.2,669.8,679.5,643.7,640.9,638.4
16384,RegexpScalar,202.5,414.0,2.0444444444444443,2.0414814814814815,221.9,201.2,202.5,416.1,414.0,413.4
16384,Remainder,22.91,8.999,0.39279790484504584,0.39279790484504584,21.16,22.95,22.91,9.04,8.999,8.999
16384,ShiftLeft,3.562,4.457,1.2512633352049412,1.2512633352049412,3.583,3.562,3.478,4.457,4.457,4.416
16384,ShiftRight,3.604,4.457,1.2366814650388456,1.2298565121412803,3.624,3.603,3.604,4.457,4.416,4.457
16384,StringEqualLargeUtf8,14.66,52.08,3.552523874488404,3.4986357435197815,14.66,14.66,15.29,51.29,52.41,52.08
16384,StringEqualUtf8,17.04,53.24,3.1244131455399065,3.1244131455399065,17.04,17.16,16.95,53.24,54.08,49.79
16384,StringEqualViewLong,24.45,39.83,1.629038854805726,1.6343865408288878,24.45,24.37,24.58,40.37,39.83,38.62
16384,StringEqualViewShort,6.124,34.79,5.6809274983670806,5.6809274983670806,6.207,6.124,6.124,34.74,34.79,34.79
16384,StringGreaterThanOrEqualView,22.7,57.45,2.5308370044052864,2.5263852242744065,22.74,22.7,22.66,57.45,56.16,60.33
16384,StringGreaterThanView,22.7,57.08,2.5145374449339206,2.510114335971856,22.74,22.7,22.7,57.08,56.45,57.12
16384,StringLessThanOrEqualView,22.74,57.16,2.51363236587511,2.5092348284960426,22.79,22.74,22.74,57.16,57.29,57.06
16384,StringLessThanView,22.79,58.02,2.545853444493199,2.546731022378236,22.79,22.74,22.79,58.04,58.02,57.58
16384,StringLessThanViewScalar,18.37,55.6,3.0266739248775174,2.992465016146394,18.58,17.95,18.37,55.6,55.74,53.95
16384,StringNotEqualView,18.91,31.08,1.6435748281332627,1.6414595452141723,19.24,18.91,18.91,31.12,31.04,31.08
16384,SubstringCharsUtf8,96.2,113.5,1.1798336798336797,1.1798336798336797,98.6,94.83,96.2,114.4,113.4,113.5
16384,SubstringUtf8,94.08,92.41,0.9822491496598639,0.9822491496598639,89.7,105.0,94.08,92.49,92.29,92.41
16384,WrappingMultiply,3.687,6.04,1.638188228912395,1.638188228912395,3.645,3.687,3.707,6.04,6.04,5.999
16384,WrappingNegate,1.614,3.187,1.9745972738537791,1.9745972738537791,1.593,1.614,1.666,3.208,3.187,3.187
16384,WrappingSub,3.52,4.416,1.2545454545454546,1.2545454545454546,3.416,3.562,3.52,4.457,4.416,4.416
